商品名称,价格,会员,级别,评价星级,评价内容,时间,点赞数,评论数,追评时间,追评内容,商品属性,页面网址,页面标题,采集时间,sku,好评度,评价关键词
"
                                        
                                                                                美的（Midea）空调 1.5匹 酷省电 新一级能效 变频冷暖 自清洁 壁挂式空调挂机 智能家电 KFR-35GW/N8KS1-1                ","
                                ￥
                                2669.00
                                                            ",                                    一***草            ,                    PLUS会员             ,star5,安装师傅贼啦用心，高空作业真得是棒棒的，专业，快速，很耐心讲解不懂的地方！！一次很好的购物体验，服务周到，物流快速，配送也很周到，态度也很好，好评！,2023-04-14 22:53,0,0,,,【1.5匹】酷省电一级 节能25%                                                                                     ,https://item.jd.com/100043945122.html#none,【美的KFR-35GW/N8KS1-1】美的（Midea）空调 1.5匹 酷省电 新一级能效 变频冷暖 自清洁 壁挂式空调挂机 智能家电 KFR-35GW/N8KS1-1【行情 报价 价格 评测】-京东,2023-04-14 11:33:00.677,100043945122,99%        ,"外观漂亮(150)/
超级省电(132)/
美观大方(119)/
安装师负责(90)/
制冷给力(58)/
功能合理(36)/
声音很轻(35)/
工艺精美(23)/
风大马力足(17)/
节能环保(13)/
使用舒适(10)/
夏季必备(4)/
自带挡风板(1)/"
"
                                        
                                                                                美的（Midea）空调 1.5匹 酷省电 新一级能效 变频冷暖 自清洁 壁挂式空调挂机 智能家电 KFR-35GW/N8KS1-1                ","
                                ￥
                                2669.00
                                                            ",                                    j***c            ,                                 ,star5,安装师傳上门非常迅速并且准时，整体售后服务态度非常好，师傅有耐心。安装得非常专业且美观，安装完成有指导使用清理现场。整体服务非常满意。小米售后好，售后服务态度好时效好有保障。此次购机体验非常棒，推荐大家使用小米产品，从购机到售后整体的感觉非常满意，售后好，服务好，产品好！给售后刘师傅点赞！！,2023-04-14 22:39,0,0,,,【1.5匹】酷省电一级 节能25%                                                                                     ,https://item.jd.com/100043945122.html#none,【美的KFR-35GW/N8KS1-1】美的（Midea）空调 1.5匹 酷省电 新一级能效 变频冷暖 自清洁 壁挂式空调挂机 智能家电 KFR-35GW/N8KS1-1【行情 报价 价格 评测】-京东,2023-04-14 11:33:00.751,100043945122,99%        ,"外观漂亮(150)/
超级省电(132)/
美观大方(119)/
安装师负责(90)/
制冷给力(58)/
功能合理(36)/
声音很轻(35)/
工艺精美(23)/
风大马力足(17)/
节能环保(13)/
使用舒适(10)/
夏季必备(4)/
自带挡风板(1)/"
"
                                        
                                                                                美的（Midea）空调 1.5匹 酷省电 新一级能效 变频冷暖 自清洁 壁挂式空调挂机 智能家电 KFR-35GW/N8KS1-1                ","
                                ￥
                                2669.00
                                                            ",                                    j***2            ,                                 ,star5,速度还是蛮快的 不错,2023-04-14 22:09,0,0,,,【1.5匹】酷省电一级 节能25%                                                                                     ,https://item.jd.com/100043945122.html#none,【美的KFR-35GW/N8KS1-1】美的（Midea）空调 1.5匹 酷省电 新一级能效 变频冷暖 自清洁 壁挂式空调挂机 智能家电 KFR-35GW/N8KS1-1【行情 报价 价格 评测】-京东,2023-04-14 11:33:00.839,100043945122,99%        ,"外观漂亮(150)/
超级省电(132)/
美观大方(119)/
安装师负责(90)/
制冷给力(58)/
功能合理(36)/
声音很轻(35)/
工艺精美(23)/
风大马力足(17)/
节能环保(13)/
使用舒适(10)/
夏季必备(4)/
自带挡风板(1)/"
"
                                        
                                                                                美的（Midea）空调 1.5匹 酷省电 新一级能效 变频冷暖 自清洁 壁挂式空调挂机 智能家电 KFR-35GW/N8KS1-1                ","
                                ￥
                                2669.00
                                                            ",                                    j***U            ,                    PLUS会员             ,star1,为什么非要逼人种草三次，通过不了还要人发，差评差评差评，一次性买3台买之前说参加种草返现90，现在发了两个还要逼人发第三个，空调都是差不多的为什么要人家发3次，所以系统审核不了，让我发3次有什么意义,2023-04-14 21:58,0,0,,,【1.5匹】酷省电一级 节能25%                                                                                     ,https://item.jd.com/100043945122.html#none,【美的KFR-35GW/N8KS1-1】美的（Midea）空调 1.5匹 酷省电 新一级能效 变频冷暖 自清洁 壁挂式空调挂机 智能家电 KFR-35GW/N8KS1-1【行情 报价 价格 评测】-京东,2023-04-14 11:33:00.915,100043945122,99%        ,"外观漂亮(150)/
超级省电(132)/
美观大方(119)/
安装师负责(90)/
制冷给力(58)/
功能合理(36)/
声音很轻(35)/
工艺精美(23)/
风大马力足(17)/
节能环保(13)/
使用舒适(10)/
夏季必备(4)/
自带挡风板(1)/"
"
                                        
                                                                                美的（Midea）空调 1.5匹 酷省电 新一级能效 变频冷暖 自清洁 壁挂式空调挂机 智能家电 KFR-35GW/N8KS1-1                ","
                                ￥
                                2669.00
                                                            ",                                    y***T            ,                    PLUS会员             ,star5,安装Ok，服务到位！,2023-04-14 21:15,0,0,,,【1.5匹】酷省电一级 节能25%                                                                                     ,https://item.jd.com/100043945122.html#none,【美的KFR-35GW/N8KS1-1】美的（Midea）空调 1.5匹 酷省电 新一级能效 变频冷暖 自清洁 壁挂式空调挂机 智能家电 KFR-35GW/N8KS1-1【行情 报价 价格 评测】-京东,2023-04-14 11:33:00.986,100043945122,99%        ,"外观漂亮(150)/
超级省电(132)/
美观大方(119)/
安装师负责(90)/
制冷给力(58)/
功能合理(36)/
声音很轻(35)/
工艺精美(23)/
风大马力足(17)/
节能环保(13)/
使用舒适(10)/
夏季必备(4)/
自带挡风板(1)/"
"
                                        
                                                                                美的（Midea）空调 1.5匹 酷省电 新一级能效 变频冷暖 自清洁 壁挂式空调挂机 智能家电 KFR-35GW/N8KS1-1                ","
                                ￥
                                2669.00
                                                            ",                                    j***x            ,                                 ,star5,安装快，服务好,2023-04-14 20:38,0,0,,,【1.5匹】酷省电一级 节能25%                                                                                     ,https://item.jd.com/100043945122.html#none,【美的KFR-35GW/N8KS1-1】美的（Midea）空调 1.5匹 酷省电 新一级能效 变频冷暖 自清洁 壁挂式空调挂机 智能家电 KFR-35GW/N8KS1-1【行情 报价 价格 评测】-京东,2023-04-14 11:33:01.058,100043945122,99%        ,"外观漂亮(150)/
超级省电(132)/
美观大方(119)/
安装师负责(90)/
制冷给力(58)/
功能合理(36)/
声音很轻(35)/
工艺精美(23)/
风大马力足(17)/
节能环保(13)/
使用舒适(10)/
夏季必备(4)/
自带挡风板(1)/"
"
                                        
                                                                                美的（Midea）空调 1.5匹 酷省电 新一级能效 变频冷暖 自清洁 壁挂式空调挂机 智能家电 KFR-35GW/N8KS1-1                ","
                                ￥
                                2669.00
                                                            ",                                    m***w            ,                                 ,star5,服务质量：非常好,2023-04-14 20:23,0,0,,,【1.5匹】酷省电一级 节能25%                                                                                     ,https://item.jd.com/100043945122.html#none,【美的KFR-35GW/N8KS1-1】美的（Midea）空调 1.5匹 酷省电 新一级能效 变频冷暖 自清洁 壁挂式空调挂机 智能家电 KFR-35GW/N8KS1-1【行情 报价 价格 评测】-京东,2023-04-14 11:33:01.154,100043945122,99%        ,"外观漂亮(150)/
超级省电(132)/
美观大方(119)/
安装师负责(90)/
制冷给力(58)/
功能合理(36)/
声音很轻(35)/
工艺精美(23)/
风大马力足(17)/
节能环保(13)/
使用舒适(10)/
夏季必备(4)/
自带挡风板(1)/"
"
                                        
                                                                                美的（Midea）空调 1.5匹 酷省电 新一级能效 变频冷暖 自清洁 壁挂式空调挂机 智能家电 KFR-35GW/N8KS1-1                ","
                                ￥
                                2669.00
                                                            ",                                    P***志            ,                                 ,star5,还没使用，感觉不错，安装服务不错?,2023-04-14 20:21,0,0,,,【1.5匹】酷省电一级 节能25%                                                                                     ,https://item.jd.com/100043945122.html#none,【美的KFR-35GW/N8KS1-1】美的（Midea）空调 1.5匹 酷省电 新一级能效 变频冷暖 自清洁 壁挂式空调挂机 智能家电 KFR-35GW/N8KS1-1【行情 报价 价格 评测】-京东,2023-04-14 11:33:01.234,100043945122,99%        ,"外观漂亮(150)/
超级省电(132)/
美观大方(119)/
安装师负责(90)/
制冷给力(58)/
功能合理(36)/
声音很轻(35)/
工艺精美(23)/
风大马力足(17)/
节能环保(13)/
使用舒适(10)/
夏季必备(4)/
自带挡风板(1)/"
"
                                        
                                                                                美的（Midea）空调 1.5匹 酷省电 新一级能效 变频冷暖 自清洁 壁挂式空调挂机 智能家电 KFR-35GW/N8KS1-1                ","
                                ￥
                                2669.00
                                                            ",                                    阿***7            ,                    PLUS会员             ,star5,空调非常好，安装服务态度也好。,2023-04-14 20:08,0,0,,,【1.5匹】酷省电一级 节能25%                                                                                     ,https://item.jd.com/100043945122.html#none,【美的KFR-35GW/N8KS1-1】美的（Midea）空调 1.5匹 酷省电 新一级能效 变频冷暖 自清洁 壁挂式空调挂机 智能家电 KFR-35GW/N8KS1-1【行情 报价 价格 评测】-京东,2023-04-14 11:33:01.304,100043945122,99%        ,"外观漂亮(150)/
超级省电(132)/
美观大方(119)/
安装师负责(90)/
制冷给力(58)/
功能合理(36)/
声音很轻(35)/
工艺精美(23)/
风大马力足(17)/
节能环保(13)/
使用舒适(10)/
夏季必备(4)/
自带挡风板(1)/"
"
                                        
                                                                                美的（Midea）空调 1.5匹 酷省电 新一级能效 变频冷暖 自清洁 壁挂式空调挂机 智能家电 KFR-35GW/N8KS1-1                ","
                                ￥
                                2669.00
                                                            ",                                    j***q            ,                                 ,star5,商品满意，安装满意,2023-04-14 19:51,0,0,,,【1.5匹】酷省电一级 节能25%                                                                                     ,https://item.jd.com/100043945122.html#none,【美的KFR-35GW/N8KS1-1】美的（Midea）空调 1.5匹 酷省电 新一级能效 变频冷暖 自清洁 壁挂式空调挂机 智能家电 KFR-35GW/N8KS1-1【行情 报价 价格 评测】-京东,2023-04-14 11:33:01.402,100043945122,99%        ,"外观漂亮(150)/
超级省电(132)/
美观大方(119)/
安装师负责(90)/
制冷给力(58)/
功能合理(36)/
声音很轻(35)/
工艺精美(23)/
风大马力足(17)/
节能环保(13)/
使用舒适(10)/
夏季必备(4)/
自带挡风板(1)/"
"
                                        
                                                                                美的（Midea）空调 1.5匹 酷省电 新一级能效 变频冷暖 自清洁 壁挂式空调挂机 智能家电 KFR-35GW/N8KS1-1                ","
                                ￥
                                2669.00
                                                            ",                                    j***u            ,                                 ,star5,还不错,2023-04-14 19:07,0,0,,,【1.5匹】酷省电一级 节能25%                                                                                     ,https://item.jd.com/100043945122.html#comment,【美的KFR-35GW/N8KS1-1】美的（Midea）空调 1.5匹 酷省电 新一级能效 变频冷暖 自清洁 壁挂式空调挂机 智能家电 KFR-35GW/N8KS1-1【行情 报价 价格 评测】-京东,2023-04-14 11:33:20.339,100043945122,99%        ,"外观漂亮(150)/
超级省电(132)/
美观大方(119)/
安装师负责(90)/
制冷给力(58)/
功能合理(36)/
声音很轻(35)/
工艺精美(23)/
风大马力足(17)/
节能环保(13)/
使用舒适(10)/
夏季必备(4)/
自带挡风板(1)/"
"
                                        
                                                                                美的（Midea）空调 1.5匹 酷省电 新一级能效 变频冷暖 自清洁 壁挂式空调挂机 智能家电 KFR-35GW/N8KS1-1                ","
                                ￥
                                2669.00
                                                            ",                                    j***j            ,                                 ,star5,款式，服务都很满意，安装师傅很热情,2023-04-14 19:05,0,0,,,【1.5匹】酷省电一级 节能25%                                                                                     ,https://item.jd.com/100043945122.html#comment,【美的KFR-35GW/N8KS1-1】美的（Midea）空调 1.5匹 酷省电 新一级能效 变频冷暖 自清洁 壁挂式空调挂机 智能家电 KFR-35GW/N8KS1-1【行情 报价 价格 评测】-京东,2023-04-14 11:33:20.418,100043945122,99%        ,"外观漂亮(150)/
超级省电(132)/
美观大方(119)/
安装师负责(90)/
制冷给力(58)/
功能合理(36)/
声音很轻(35)/
工艺精美(23)/
风大马力足(17)/
节能环保(13)/
使用舒适(10)/
夏季必备(4)/
自带挡风板(1)/"
"
                                        
                                                                                美的（Midea）空调 1.5匹 酷省电 新一级能效 变频冷暖 自清洁 壁挂式空调挂机 智能家电 KFR-35GW/N8KS1-1                ","
                                ￥
                                2669.00
                                                            ",                                    J***F            ,                                 ,star5,此用户未填写评价内容,2023-04-14 19:00,0,0,,,【1.5匹】酷省电一级 节能25%                                                                                     ,https://item.jd.com/100043945122.html#comment,【美的KFR-35GW/N8KS1-1】美的（Midea）空调 1.5匹 酷省电 新一级能效 变频冷暖 自清洁 壁挂式空调挂机 智能家电 KFR-35GW/N8KS1-1【行情 报价 价格 评测】-京东,2023-04-14 11:33:20.491,100043945122,99%        ,"外观漂亮(150)/
超级省电(132)/
美观大方(119)/
安装师负责(90)/
制冷给力(58)/
功能合理(36)/
声音很轻(35)/
工艺精美(23)/
风大马力足(17)/
节能环保(13)/
使用舒适(10)/
夏季必备(4)/
自带挡风板(1)/"
"
                                        
                                                                                美的（Midea）空调 1.5匹 酷省电 新一级能效 变频冷暖 自清洁 壁挂式空调挂机 智能家电 KFR-35GW/N8KS1-1                ","
                                ￥
                                2669.00
                                                            ",                                    j***p            ,                    PLUS会员             ,star1,太差了！本来是一次愉快的购物，没想到后续的售后真的无力吐槽，说好的活动种草一台一张*元的E卡，发布了种草然后又说等20个工作日才发E卡，等到发E卡时间又说不按要求发布数量，就只有一张E卡，一点诚信都没有。真不知道这么大的品牌客服是用来摆设的吗？售后安装预约更是糟透了，同时买3台空调，要分几天下单安装，又不提供客服电话，问个事情得花费很长时间才能处理，目前空调还没使用，质量方面到时继续评价。请大家谨慎购买~,2023-04-14 18:36,0,0,,,【1.5匹】酷省电一级 节能25%                                                                                     ,https://item.jd.com/100043945122.html#comment,【美的KFR-35GW/N8KS1-1】美的（Midea）空调 1.5匹 酷省电 新一级能效 变频冷暖 自清洁 壁挂式空调挂机 智能家电 KFR-35GW/N8KS1-1【行情 报价 价格 评测】-京东,2023-04-14 11:33:20.574,100043945122,99%        ,"外观漂亮(150)/
超级省电(132)/
美观大方(119)/
安装师负责(90)/
制冷给力(58)/
功能合理(36)/
声音很轻(35)/
工艺精美(23)/
风大马力足(17)/
节能环保(13)/
使用舒适(10)/
夏季必备(4)/
自带挡风板(1)/"
"
                                        
                                                                                美的（Midea）空调 1.5匹 酷省电 新一级能效 变频冷暖 自清洁 壁挂式空调挂机 智能家电 KFR-35GW/N8KS1-1                ","
                                ￥
                                2669.00
                                                            ",                                    j***Q            ,                                 ,star5,安装师傅很专业。服务很好,2023-04-14 18:19,0,0,,,【1.5匹】酷省电一级 节能25%                                                                                     ,https://item.jd.com/100043945122.html#comment,【美的KFR-35GW/N8KS1-1】美的（Midea）空调 1.5匹 酷省电 新一级能效 变频冷暖 自清洁 壁挂式空调挂机 智能家电 KFR-35GW/N8KS1-1【行情 报价 价格 评测】-京东,2023-04-14 11:33:20.677,100043945122,99%        ,"外观漂亮(150)/
超级省电(132)/
美观大方(119)/
安装师负责(90)/
制冷给力(58)/
功能合理(36)/
声音很轻(35)/
工艺精美(23)/
风大马力足(17)/
节能环保(13)/
使用舒适(10)/
夏季必备(4)/
自带挡风板(1)/"
"
                                        
                                                                                美的（Midea）空调 1.5匹 酷省电 新一级能效 变频冷暖 自清洁 壁挂式空调挂机 智能家电 KFR-35GW/N8KS1-1                ","
                                ￥
                                2669.00
                                                            ",                                    j***e            ,                                 ,star5,安装及时,2023-04-14 18:18,0,0,,,【1.5匹】酷省电一级 节能25%                                                                                     ,https://item.jd.com/100043945122.html#comment,【美的KFR-35GW/N8KS1-1】美的（Midea）空调 1.5匹 酷省电 新一级能效 变频冷暖 自清洁 壁挂式空调挂机 智能家电 KFR-35GW/N8KS1-1【行情 报价 价格 评测】-京东,2023-04-14 11:33:20.767,100043945122,99%        ,"外观漂亮(150)/
超级省电(132)/
美观大方(119)/
安装师负责(90)/
制冷给力(58)/
功能合理(36)/
声音很轻(35)/
工艺精美(23)/
风大马力足(17)/
节能环保(13)/
使用舒适(10)/
夏季必备(4)/
自带挡风板(1)/"
"
                                        
                                                                                美的（Midea）空调 1.5匹 酷省电 新一级能效 变频冷暖 自清洁 壁挂式空调挂机 智能家电 KFR-35GW/N8KS1-1                ","
                                ￥
                                2669.00
                                                            ",                                    j***7            ,                                 ,star5,安装很细心,2023-04-14 17:53,0,0,,,【1.5匹】酷省电一级 节能25%                                                                                     ,https://item.jd.com/100043945122.html#comment,【美的KFR-35GW/N8KS1-1】美的（Midea）空调 1.5匹 酷省电 新一级能效 变频冷暖 自清洁 壁挂式空调挂机 智能家电 KFR-35GW/N8KS1-1【行情 报价 价格 评测】-京东,2023-04-14 11:33:20.863,100043945122,99%        ,"外观漂亮(150)/
超级省电(132)/
美观大方(119)/
安装师负责(90)/
制冷给力(58)/
功能合理(36)/
声音很轻(35)/
工艺精美(23)/
风大马力足(17)/
节能环保(13)/
使用舒适(10)/
夏季必备(4)/
自带挡风板(1)/"
"
                                        
                                                                                美的（Midea）空调 1.5匹 酷省电 新一级能效 变频冷暖 自清洁 壁挂式空调挂机 智能家电 KFR-35GW/N8KS1-1                ","
                                ￥
                                2669.00
                                                            ",                                    j***k            ,                    PLUS会员             ,star5,一直用美的空调老牌子值得信赖，不仅东西好金山安装工俞师傅服务态度也好，因为我安装的位置比较特殊，不管售前售后有问题都能及时解决，必须好评！,2023-04-14 17:50,0,0,,,【1.5匹】酷省电一级 节能25%                                                                                     ,https://item.jd.com/100043945122.html#comment,【美的KFR-35GW/N8KS1-1】美的（Midea）空调 1.5匹 酷省电 新一级能效 变频冷暖 自清洁 壁挂式空调挂机 智能家电 KFR-35GW/N8KS1-1【行情 报价 价格 评测】-京东,2023-04-14 11:33:20.958,100043945122,99%        ,"外观漂亮(150)/
超级省电(132)/
美观大方(119)/
安装师负责(90)/
制冷给力(58)/
功能合理(36)/
声音很轻(35)/
工艺精美(23)/
风大马力足(17)/
节能环保(13)/
使用舒适(10)/
夏季必备(4)/
自带挡风板(1)/"
"
                                        
                                                                                美的（Midea）空调 1.5匹 酷省电 新一级能效 变频冷暖 自清洁 壁挂式空调挂机 智能家电 KFR-35GW/N8KS1-1                ","
                                ￥
                                2669.00
                                                            ",                                    j***0            ,                                 ,star5,美的空调质量很好，安装师傅也很用心,2023-04-14 17:38,0,0,,,【1.5匹】酷省电一级 节能25%                                                                                     ,https://item.jd.com/100043945122.html#comment,【美的KFR-35GW/N8KS1-1】美的（Midea）空调 1.5匹 酷省电 新一级能效 变频冷暖 自清洁 壁挂式空调挂机 智能家电 KFR-35GW/N8KS1-1【行情 报价 价格 评测】-京东,2023-04-14 11:33:21.057,100043945122,99%        ,"外观漂亮(150)/
超级省电(132)/
美观大方(119)/
安装师负责(90)/
制冷给力(58)/
功能合理(36)/
声音很轻(35)/
工艺精美(23)/
风大马力足(17)/
节能环保(13)/
使用舒适(10)/
夏季必备(4)/
自带挡风板(1)/"
"
                                        
                                                                                美的（Midea）空调 1.5匹 酷省电 新一级能效 变频冷暖 自清洁 壁挂式空调挂机 智能家电 KFR-35GW/N8KS1-1                ","
                                ￥
                                2669.00
                                                            ",                                    吴***奉            ,                                 ,star5,美的空调好用，节能、省电，静音，我家现在美的产品有很多，值得好评,2023-04-14 17:36,0,0,,,【1.5匹】酷省电一级 节能25%                                                                                     ,https://item.jd.com/100043945122.html#comment,【美的KFR-35GW/N8KS1-1】美的（Midea）空调 1.5匹 酷省电 新一级能效 变频冷暖 自清洁 壁挂式空调挂机 智能家电 KFR-35GW/N8KS1-1【行情 报价 价格 评测】-京东,2023-04-14 11:33:21.191,100043945122,99%        ,"外观漂亮(150)/
超级省电(132)/
美观大方(119)/
安装师负责(90)/
制冷给力(58)/
功能合理(36)/
声音很轻(35)/
工艺精美(23)/
风大马力足(17)/
节能环保(13)/
使用舒适(10)/
夏季必备(4)/
自带挡风板(1)/"
"
                                        
                                                                                美的（Midea）空调 1.5匹 酷省电 新一级能效 变频冷暖 自清洁 壁挂式空调挂机 智能家电 KFR-35GW/N8KS1-1                ","
                                ￥
                                2669.00
                                                            ",                                    u***d            ,                                 ,star5,物流好快，安装师傅服务非常好,2023-04-14 16:27,0,0,,,【1.5匹】酷省电一级 节能25%                                                                                     ,https://item.jd.com/100043945122.html#comment,【美的KFR-35GW/N8KS1-1】美的（Midea）空调 1.5匹 酷省电 新一级能效 变频冷暖 自清洁 壁挂式空调挂机 智能家电 KFR-35GW/N8KS1-1【行情 报价 价格 评测】-京东,2023-04-14 11:33:47.052,100043945122,99%        ,"外观漂亮(150)/
超级省电(132)/
美观大方(119)/
安装师负责(90)/
制冷给力(58)/
功能合理(36)/
声音很轻(35)/
工艺精美(23)/
风大马力足(17)/
节能环保(13)/
使用舒适(10)/
夏季必备(4)/
自带挡风板(1)/"
"
                                        
                                                                                美的（Midea）空调 1.5匹 酷省电 新一级能效 变频冷暖 自清洁 壁挂式空调挂机 智能家电 KFR-35GW/N8KS1-1                ","
                                ￥
                                2669.00
                                                            ",                                    j***a            ,                    PLUS会员             ,star1,没有空调外机架子,2023-04-14 16:25,0,1,,,【1.5匹】酷省电一级 节能25%                                                                                     ,https://item.jd.com/100043945122.html#comment,【美的KFR-35GW/N8KS1-1】美的（Midea）空调 1.5匹 酷省电 新一级能效 变频冷暖 自清洁 壁挂式空调挂机 智能家电 KFR-35GW/N8KS1-1【行情 报价 价格 评测】-京东,2023-04-14 11:33:47.161,100043945122,99%        ,"外观漂亮(150)/
超级省电(132)/
美观大方(119)/
安装师负责(90)/
制冷给力(58)/
功能合理(36)/
声音很轻(35)/
工艺精美(23)/
风大马力足(17)/
节能环保(13)/
使用舒适(10)/
夏季必备(4)/
自带挡风板(1)/"
"
                                        
                                                                                美的（Midea）空调 1.5匹 酷省电 新一级能效 变频冷暖 自清洁 壁挂式空调挂机 智能家电 KFR-35GW/N8KS1-1                ","
                                ￥
                                2669.00
                                                            ",                                    j***l            ,                                 ,star5,此用户未填写评价内容,2023-04-14 16:02,0,0,[购买5天后追评],非常好,【1.5匹】酷省电一级 节能25%                                                                                     ,https://item.jd.com/100043945122.html#comment,【美的KFR-35GW/N8KS1-1】美的（Midea）空调 1.5匹 酷省电 新一级能效 变频冷暖 自清洁 壁挂式空调挂机 智能家电 KFR-35GW/N8KS1-1【行情 报价 价格 评测】-京东,2023-04-14 11:33:47.240,100043945122,99%        ,"外观漂亮(150)/
超级省电(132)/
美观大方(119)/
安装师负责(90)/
制冷给力(58)/
功能合理(36)/
声音很轻(35)/
工艺精美(23)/
风大马力足(17)/
节能环保(13)/
使用舒适(10)/
夏季必备(4)/
自带挡风板(1)/"
"
                                        
                                                                                美的（Midea）空调 1.5匹 酷省电 新一级能效 变频冷暖 自清洁 壁挂式空调挂机 智能家电 KFR-35GW/N8KS1-1                ","
                                ￥
                                2669.00
                                                            ",                                    j***J            ,                                 ,star5,服务态度安装一流,2023-04-14 15:52,0,0,,,【1.5匹】酷省电一级 节能25%                                                                                     ,https://item.jd.com/100043945122.html#comment,【美的KFR-35GW/N8KS1-1】美的（Midea）空调 1.5匹 酷省电 新一级能效 变频冷暖 自清洁 壁挂式空调挂机 智能家电 KFR-35GW/N8KS1-1【行情 报价 价格 评测】-京东,2023-04-14 11:33:47.304,100043945122,99%        ,"外观漂亮(150)/
超级省电(132)/
美观大方(119)/
安装师负责(90)/
制冷给力(58)/
功能合理(36)/
声音很轻(35)/
工艺精美(23)/
风大马力足(17)/
节能环保(13)/
使用舒适(10)/
夏季必备(4)/
自带挡风板(1)/"
"
                                        
                                                                                美的（Midea）空调 1.5匹 酷省电 新一级能效 变频冷暖 自清洁 壁挂式空调挂机 智能家电 KFR-35GW/N8KS1-1                ","
                                ￥
                                2669.00
                                                            ",                                    小***二            ,                                 ,star5,"外形外观：简单大气
冷暖效果：效果好
静音效果：声音小
节能效果：很节能
送货时效：送货快
安装时效：安装即使，服务好",2023-04-14 15:43,0,0,,,【1.5匹】酷省电一级 节能25%                                                                                     ,https://item.jd.com/100043945122.html#comment,【美的KFR-35GW/N8KS1-1】美的（Midea）空调 1.5匹 酷省电 新一级能效 变频冷暖 自清洁 壁挂式空调挂机 智能家电 KFR-35GW/N8KS1-1【行情 报价 价格 评测】-京东,2023-04-14 11:33:47.387,100043945122,99%        ,"外观漂亮(150)/
超级省电(132)/
美观大方(119)/
安装师负责(90)/
制冷给力(58)/
功能合理(36)/
声音很轻(35)/
工艺精美(23)/
风大马力足(17)/
节能环保(13)/
使用舒适(10)/
夏季必备(4)/
自带挡风板(1)/"
"
                                        
                                                                                美的（Midea）空调 1.5匹 酷省电 新一级能效 变频冷暖 自清洁 壁挂式空调挂机 智能家电 KFR-35GW/N8KS1-1                ","
                                ￥
                                2669.00
                                                            ",                                    j***q            ,                    PLUS会员             ,star5,此用户未填写评价内容,2023-04-14 15:22,0,0,[购买2天后追评],空调很好用，安装得也很快，服务也好,【1.5匹】酷省电一级 节能25%                                                                                     ,https://item.jd.com/100043945122.html#comment,【美的KFR-35GW/N8KS1-1】美的（Midea）空调 1.5匹 酷省电 新一级能效 变频冷暖 自清洁 壁挂式空调挂机 智能家电 KFR-35GW/N8KS1-1【行情 报价 价格 评测】-京东,2023-04-14 11:33:47.464,100043945122,99%        ,"外观漂亮(150)/
超级省电(132)/
美观大方(119)/
安装师负责(90)/
制冷给力(58)/
功能合理(36)/
声音很轻(35)/
工艺精美(23)/
风大马力足(17)/
节能环保(13)/
使用舒适(10)/
夏季必备(4)/
自带挡风板(1)/"
"
                                        
                                                                                美的（Midea）空调 1.5匹 酷省电 新一级能效 变频冷暖 自清洁 壁挂式空调挂机 智能家电 KFR-35GW/N8KS1-1                ","
                                ￥
                                2669.00
                                                            ",                                    j***c            ,                                 ,star5,此用户未填写评价内容,2023-04-14 15:16,0,0,[购买2天后追评],师傅安装很好,【1.5匹】酷省电一级 节能25%                                                                                     ,https://item.jd.com/100043945122.html#comment,【美的KFR-35GW/N8KS1-1】美的（Midea）空调 1.5匹 酷省电 新一级能效 变频冷暖 自清洁 壁挂式空调挂机 智能家电 KFR-35GW/N8KS1-1【行情 报价 价格 评测】-京东,2023-04-14 11:33:47.548,100043945122,99%        ,"外观漂亮(150)/
超级省电(132)/
美观大方(119)/
安装师负责(90)/
制冷给力(58)/
功能合理(36)/
声音很轻(35)/
工艺精美(23)/
风大马力足(17)/
节能环保(13)/
使用舒适(10)/
夏季必备(4)/
自带挡风板(1)/"
"
                                        
                                                                                美的（Midea）空调 1.5匹 酷省电 新一级能效 变频冷暖 自清洁 壁挂式空调挂机 智能家电 KFR-35GW/N8KS1-1                ","
                                ￥
                                2669.00
                                                            ",                                    爱***子            ,                    PLUS会员             ,star5,师傅装空调很好。服务态度很棒，不错得一次选择，师傅服务态度棒棒的！不错不错！,2023-04-14 15:14,0,0,,,【1.5匹】酷省电一级 节能25%                                                                                     ,https://item.jd.com/100043945122.html#comment,【美的KFR-35GW/N8KS1-1】美的（Midea）空调 1.5匹 酷省电 新一级能效 变频冷暖 自清洁 壁挂式空调挂机 智能家电 KFR-35GW/N8KS1-1【行情 报价 价格 评测】-京东,2023-04-14 11:33:47.634,100043945122,99%        ,"外观漂亮(150)/
超级省电(132)/
美观大方(119)/
安装师负责(90)/
制冷给力(58)/
功能合理(36)/
声音很轻(35)/
工艺精美(23)/
风大马力足(17)/
节能环保(13)/
使用舒适(10)/
夏季必备(4)/
自带挡风板(1)/"
"
                                        
                                                                                美的（Midea）空调 1.5匹 酷省电 新一级能效 变频冷暖 自清洁 壁挂式空调挂机 智能家电 KFR-35GW/N8KS1-1                ","
                                ￥
                                2669.00
                                                            ",                                    随***9            ,                    PLUS会员             ,star5,此用户未填写评价内容,2023-04-14 15:01,0,0,,,【1.5匹】酷省电一级 节能25%                                                                                     ,https://item.jd.com/100043945122.html#comment,【美的KFR-35GW/N8KS1-1】美的（Midea）空调 1.5匹 酷省电 新一级能效 变频冷暖 自清洁 壁挂式空调挂机 智能家电 KFR-35GW/N8KS1-1【行情 报价 价格 评测】-京东,2023-04-14 11:33:47.709,100043945122,99%        ,"外观漂亮(150)/
超级省电(132)/
美观大方(119)/
安装师负责(90)/
制冷给力(58)/
功能合理(36)/
声音很轻(35)/
工艺精美(23)/
风大马力足(17)/
节能环保(13)/
使用舒适(10)/
夏季必备(4)/
自带挡风板(1)/"
"
                                        
                                                                                美的（Midea）空调 1.5匹 酷省电 新一级能效 变频冷暖 自清洁 壁挂式空调挂机 智能家电 KFR-35GW/N8KS1-1                ","
                                ￥
                                2669.00
                                                            ",                                    j***y            ,                                 ,star5,该用户觉得商品不错,2023-04-14 14:56,0,0,,,【1.5匹】酷省电一级 节能25%                                                                                     ,https://item.jd.com/100043945122.html#comment,【美的KFR-35GW/N8KS1-1】美的（Midea）空调 1.5匹 酷省电 新一级能效 变频冷暖 自清洁 壁挂式空调挂机 智能家电 KFR-35GW/N8KS1-1【行情 报价 价格 评测】-京东,2023-04-14 11:33:47.804,100043945122,99%        ,"外观漂亮(150)/
超级省电(132)/
美观大方(119)/
安装师负责(90)/
制冷给力(58)/
功能合理(36)/
声音很轻(35)/
工艺精美(23)/
风大马力足(17)/
节能环保(13)/
使用舒适(10)/
夏季必备(4)/
自带挡风板(1)/"
"
                                        
                                                                                美的（Midea）空调 1.5匹 酷省电 新一级能效 变频冷暖 自清洁 壁挂式空调挂机 智能家电 KFR-35GW/N8KS1-1                ","
                                ￥
                                2669.00
                                                            ",                                    冬***6            ,                                 ,star5,美的的空调非常不错，昨天送货也很快。安装师傅今天安装也很给力，安装很负责任，总体好评，美的的售后也很不错，空调质量也很不错，总体来说体验非常棒，安装迅速，总体好评！,2023-04-14 14:54,0,0,,,【1.5匹】酷省电一级 节能25%                                                                                     ,https://item.jd.com/100043945122.html#comment,【美的KFR-35GW/N8KS1-1】美的（Midea）空调 1.5匹 酷省电 新一级能效 变频冷暖 自清洁 壁挂式空调挂机 智能家电 KFR-35GW/N8KS1-1【行情 报价 价格 评测】-京东,2023-04-14 11:34:03.993,100043945122,99%        ,"外观漂亮(150)/
超级省电(132)/
美观大方(119)/
安装师负责(90)/
制冷给力(58)/
功能合理(36)/
声音很轻(35)/
工艺精美(23)/
风大马力足(17)/
节能环保(13)/
使用舒适(10)/
夏季必备(4)/
自带挡风板(1)/"
"
                                        
                                                                                美的（Midea）空调 1.5匹 酷省电 新一级能效 变频冷暖 自清洁 壁挂式空调挂机 智能家电 KFR-35GW/N8KS1-1                ","
                                ￥
                                2669.00
                                                            ",                                    j***O            ,                                 ,star5,外观设计漂亮，静音效果不错，几乎没有声音，冷风30秒速冷！主要是节能省电，喜欢的赶紧入手,2023-04-14 14:52,0,0,,,【1.5匹】酷省电一级 节能25%                                                                                     ,https://item.jd.com/100043945122.html#comment,【美的KFR-35GW/N8KS1-1】美的（Midea）空调 1.5匹 酷省电 新一级能效 变频冷暖 自清洁 壁挂式空调挂机 智能家电 KFR-35GW/N8KS1-1【行情 报价 价格 评测】-京东,2023-04-14 11:34:04.070,100043945122,99%        ,"外观漂亮(150)/
超级省电(132)/
美观大方(119)/
安装师负责(90)/
制冷给力(58)/
功能合理(36)/
声音很轻(35)/
工艺精美(23)/
风大马力足(17)/
节能环保(13)/
使用舒适(10)/
夏季必备(4)/
自带挡风板(1)/"
"
                                        
                                                                                美的（Midea）空调 1.5匹 酷省电 新一级能效 变频冷暖 自清洁 壁挂式空调挂机 智能家电 KFR-35GW/N8KS1-1                ","
                                ￥
                                2669.00
                                                            ",                                    j***2            ,                                 ,star5,好,2023-04-14 14:50,0,0,[购买1天后追评],好,【1.5匹】酷省电一级 节能25%                                                                                     ,https://item.jd.com/100043945122.html#comment,【美的KFR-35GW/N8KS1-1】美的（Midea）空调 1.5匹 酷省电 新一级能效 变频冷暖 自清洁 壁挂式空调挂机 智能家电 KFR-35GW/N8KS1-1【行情 报价 价格 评测】-京东,2023-04-14 11:34:04.147,100043945122,99%        ,"外观漂亮(150)/
超级省电(132)/
美观大方(119)/
安装师负责(90)/
制冷给力(58)/
功能合理(36)/
声音很轻(35)/
工艺精美(23)/
风大马力足(17)/
节能环保(13)/
使用舒适(10)/
夏季必备(4)/
自带挡风板(1)/"
"
                                        
                                                                                美的（Midea）空调 1.5匹 酷省电 新一级能效 变频冷暖 自清洁 壁挂式空调挂机 智能家电 KFR-35GW/N8KS1-1                ","
                                ￥
                                2669.00
                                                            ",                                    j***z            ,                    PLUS会员             ,star5,安装师傅非常好做事认真,2023-04-14 14:47,0,0,,,【1.5匹】酷省电一级 节能25%                                                                                     ,https://item.jd.com/100043945122.html#comment,【美的KFR-35GW/N8KS1-1】美的（Midea）空调 1.5匹 酷省电 新一级能效 变频冷暖 自清洁 壁挂式空调挂机 智能家电 KFR-35GW/N8KS1-1【行情 报价 价格 评测】-京东,2023-04-14 11:34:04.242,100043945122,99%        ,"外观漂亮(150)/
超级省电(132)/
美观大方(119)/
安装师负责(90)/
制冷给力(58)/
功能合理(36)/
声音很轻(35)/
工艺精美(23)/
风大马力足(17)/
节能环保(13)/
使用舒适(10)/
夏季必备(4)/
自带挡风板(1)/"
"
                                        
                                                                                美的（Midea）空调 1.5匹 酷省电 新一级能效 变频冷暖 自清洁 壁挂式空调挂机 智能家电 KFR-35GW/N8KS1-1                ","
                                ￥
                                2669.00
                                                            ",                                    j***z            ,                    PLUS会员             ,star5,安装师傅非常好?,2023-04-14 14:47,0,0,,,【1.5匹】酷省电一级 节能25%                                                                                     ,https://item.jd.com/100043945122.html#comment,【美的KFR-35GW/N8KS1-1】美的（Midea）空调 1.5匹 酷省电 新一级能效 变频冷暖 自清洁 壁挂式空调挂机 智能家电 KFR-35GW/N8KS1-1【行情 报价 价格 评测】-京东,2023-04-14 11:34:04.334,100043945122,99%        ,"外观漂亮(150)/
超级省电(132)/
美观大方(119)/
安装师负责(90)/
制冷给力(58)/
功能合理(36)/
声音很轻(35)/
工艺精美(23)/
风大马力足(17)/
节能环保(13)/
使用舒适(10)/
夏季必备(4)/
自带挡风板(1)/"
"
                                        
                                                                                美的（Midea）空调 1.5匹 酷省电 新一级能效 变频冷暖 自清洁 壁挂式空调挂机 智能家电 KFR-35GW/N8KS1-1                ","
                                ￥
                                2669.00
                                                            ",                                    u***j            ,                    PLUS会员             ,star5,京东价格很优惠。非常便宜。快递速度很快。安装很给力。,2023-04-14 14:30,0,0,,,【1.5匹】酷省电一级 节能25%                                                                                     ,https://item.jd.com/100043945122.html#comment,【美的KFR-35GW/N8KS1-1】美的（Midea）空调 1.5匹 酷省电 新一级能效 变频冷暖 自清洁 壁挂式空调挂机 智能家电 KFR-35GW/N8KS1-1【行情 报价 价格 评测】-京东,2023-04-14 11:34:04.439,100043945122,99%        ,"外观漂亮(150)/
超级省电(132)/
美观大方(119)/
安装师负责(90)/
制冷给力(58)/
功能合理(36)/
声音很轻(35)/
工艺精美(23)/
风大马力足(17)/
节能环保(13)/
使用舒适(10)/
夏季必备(4)/
自带挡风板(1)/"
"
                                        
                                                                                美的（Midea）空调 1.5匹 酷省电 新一级能效 变频冷暖 自清洁 壁挂式空调挂机 智能家电 KFR-35GW/N8KS1-1                ","
                                ￥
                                2669.00
                                                            ",                                    u***9            ,                                 ,star5,此用户未填写评价内容,2023-04-14 14:28,0,0,[购买1天后追评],安装服务  好,【1.5匹】酷省电一级 节能25%                                                                                     ,https://item.jd.com/100043945122.html#comment,【美的KFR-35GW/N8KS1-1】美的（Midea）空调 1.5匹 酷省电 新一级能效 变频冷暖 自清洁 壁挂式空调挂机 智能家电 KFR-35GW/N8KS1-1【行情 报价 价格 评测】-京东,2023-04-14 11:34:04.540,100043945122,99%        ,"外观漂亮(150)/
超级省电(132)/
美观大方(119)/
安装师负责(90)/
制冷给力(58)/
功能合理(36)/
声音很轻(35)/
工艺精美(23)/
风大马力足(17)/
节能环保(13)/
使用舒适(10)/
夏季必备(4)/
自带挡风板(1)/"
"
                                        
                                                                                美的（Midea）空调 1.5匹 酷省电 新一级能效 变频冷暖 自清洁 壁挂式空调挂机 智能家电 KFR-35GW/N8KS1-1                ","
                                ￥
                                2669.00
                                                            ",                                    u***j            ,                    PLUS会员             ,star5,"外形外观：外观完善好看
冷暖效果：效果很快
静音效果：声音很小
产品特色：价格优惠",2023-04-14 14:28,0,0,,,【1.5匹】酷省电一级 节能25%                                                                                     ,https://item.jd.com/100043945122.html#comment,【美的KFR-35GW/N8KS1-1】美的（Midea）空调 1.5匹 酷省电 新一级能效 变频冷暖 自清洁 壁挂式空调挂机 智能家电 KFR-35GW/N8KS1-1【行情 报价 价格 评测】-京东,2023-04-14 11:34:04.636,100043945122,99%        ,"外观漂亮(150)/
超级省电(132)/
美观大方(119)/
安装师负责(90)/
制冷给力(58)/
功能合理(36)/
声音很轻(35)/
工艺精美(23)/
风大马力足(17)/
节能环保(13)/
使用舒适(10)/
夏季必备(4)/
自带挡风板(1)/"
"
                                        
                                                                                美的（Midea）空调 1.5匹 酷省电 新一级能效 变频冷暖 自清洁 壁挂式空调挂机 智能家电 KFR-35GW/N8KS1-1                ","
                                ￥
                                2669.00
                                                            ",                                    j***e            ,                                 ,star5,此用户未填写评价内容,2023-04-14 14:08,0,0,,,【1.5匹】酷省电一级 节能25%                                                                                     ,https://item.jd.com/100043945122.html#comment,【美的KFR-35GW/N8KS1-1】美的（Midea）空调 1.5匹 酷省电 新一级能效 变频冷暖 自清洁 壁挂式空调挂机 智能家电 KFR-35GW/N8KS1-1【行情 报价 价格 评测】-京东,2023-04-14 11:34:04.732,100043945122,99%        ,"外观漂亮(150)/
超级省电(132)/
美观大方(119)/
安装师负责(90)/
制冷给力(58)/
功能合理(36)/
声音很轻(35)/
工艺精美(23)/
风大马力足(17)/
节能环保(13)/
使用舒适(10)/
夏季必备(4)/
自带挡风板(1)/"
"
                                        
                                                                                美的（Midea）空调 1.5匹 酷省电 新一级能效 变频冷暖 自清洁 壁挂式空调挂机 智能家电 KFR-35GW/N8KS1-1                ","
                                ￥
                                2669.00
                                                            ",                                    j***4            ,                    PLUS会员             ,star5,这是我在京东上购买的N个空调了，京东自营的产品还是一如既往的好，送货师傅速度快，约好的下午2点左右到，很准时。必须五星好评,2023-04-14 14:03,0,0,,,【1.5匹】酷省电一级 节能25%                                                                                     ,https://item.jd.com/100043945122.html#comment,【美的KFR-35GW/N8KS1-1】美的（Midea）空调 1.5匹 酷省电 新一级能效 变频冷暖 自清洁 壁挂式空调挂机 智能家电 KFR-35GW/N8KS1-1【行情 报价 价格 评测】-京东,2023-04-14 11:34:04.833,100043945122,99%        ,"外观漂亮(150)/
超级省电(132)/
美观大方(119)/
安装师负责(90)/
制冷给力(58)/
功能合理(36)/
声音很轻(35)/
工艺精美(23)/
风大马力足(17)/
节能环保(13)/
使用舒适(10)/
夏季必备(4)/
自带挡风板(1)/"
"
                                        
                                                                                美的（Midea）1.5匹 风酷 新一级能效 变频冷暖 自清洁 壁挂式空调挂机 京东小家智能家电 KFR-35GW/N8XHC1                ","
                                ￥
                                2699.00
                                                            ",                                    F***宝            ,                    PLUS会员             ,star5,还的是京东自营，送货是真的快。买的时候是以旧换新，新机送的特别快，旧的拆完了新的就送到了。安装大哥特别认真，即使我家材料都全，他一分额外的都收不到，还是认认真真给安装上，并且耐心解答。机器好用，制热制冷都快，而且比别的便宜，满意。,2023-04-14 20:26,1,1,,,【1.5匹】风酷一级 金榜爆款                                                                                     ,https://item.jd.com/100013588053.html#none,【美的KFR-35GW/N8XHC1】美的（Midea）1.5匹 风酷 新一级能效 变频冷暖 自清洁 壁挂式空调挂机 京东小家智能家电 KFR-35GW/N8XHC1【行情 报价 价格 评测】-京东,2023-04-14 11:35:06.549,100013588053,99%        ,"送货安装(8087)/
超级省电(6134)/
外观漂亮(5658)/
美观大方(5461)/
制冷给力(3972)/
功能合理(1556)/
声音很轻(1443)/
工艺精美(1229)/
反应迅速(990)/
易于操控(927)/
风大马力足(759)/
办公必备(188)/
口碑很好(68)/"
"
                                        
                                                                                美的（Midea）1.5匹 风酷 新一级能效 变频冷暖 自清洁 壁挂式空调挂机 京东小家智能家电 KFR-35GW/N8XHC1                ","
                                ￥
                                2699.00
                                                            ",                                    j****            ,                    PLUS会员             ,star5,送货员送货上门，送货准时。,2023-04-14 19:48,0,1,,,【1.5匹】风酷一级 金榜爆款                                                                                     ,https://item.jd.com/100013588053.html#none,【美的KFR-35GW/N8XHC1】美的（Midea）1.5匹 风酷 新一级能效 变频冷暖 自清洁 壁挂式空调挂机 京东小家智能家电 KFR-35GW/N8XHC1【行情 报价 价格 评测】-京东,2023-04-14 11:35:06.636,100013588053,99%        ,"送货安装(8087)/
超级省电(6134)/
外观漂亮(5658)/
美观大方(5461)/
制冷给力(3972)/
功能合理(1556)/
声音很轻(1443)/
工艺精美(1229)/
反应迅速(990)/
易于操控(927)/
风大马力足(759)/
办公必备(188)/
口碑很好(68)/"
"
                                        
                                                                                美的（Midea）1.5匹 风酷 新一级能效 变频冷暖 自清洁 壁挂式空调挂机 京东小家智能家电 KFR-35GW/N8XHC1                ","
                                ￥
                                2699.00
                                                            ",                                    j****            ,                    PLUS会员             ,star5,送货员送货上门，送货准时。,2023-04-14 19:47,0,1,[购买2天后追评],此用户未填写评价内容,【1.5匹】风酷一级 金榜爆款                                                                                     ,https://item.jd.com/100013588053.html#none,【美的KFR-35GW/N8XHC1】美的（Midea）1.5匹 风酷 新一级能效 变频冷暖 自清洁 壁挂式空调挂机 京东小家智能家电 KFR-35GW/N8XHC1【行情 报价 价格 评测】-京东,2023-04-14 11:35:06.771,100013588053,99%        ,"送货安装(8087)/
超级省电(6134)/
外观漂亮(5658)/
美观大方(5461)/
制冷给力(3972)/
功能合理(1556)/
声音很轻(1443)/
工艺精美(1229)/
反应迅速(990)/
易于操控(927)/
风大马力足(759)/
办公必备(188)/
口碑很好(68)/"
"
                                        
                                                                                美的（Midea）1.5匹 风酷 新一级能效 变频冷暖 自清洁 壁挂式空调挂机 京东小家智能家电 KFR-35GW/N8XHC1                ","
                                ￥
                                2699.00
                                                            ",                                    j****            ,                    PLUS会员             ,star5,送货员送货上门，送货准时。,2023-04-14 19:46,0,1,,,【1.5匹】风酷一级 金榜爆款                                                                                     ,https://item.jd.com/100013588053.html#none,【美的KFR-35GW/N8XHC1】美的（Midea）1.5匹 风酷 新一级能效 变频冷暖 自清洁 壁挂式空调挂机 京东小家智能家电 KFR-35GW/N8XHC1【行情 报价 价格 评测】-京东,2023-04-14 11:35:06.839,100013588053,99%        ,"送货安装(8087)/
超级省电(6134)/
外观漂亮(5658)/
美观大方(5461)/
制冷给力(3972)/
功能合理(1556)/
声音很轻(1443)/
工艺精美(1229)/
反应迅速(990)/
易于操控(927)/
风大马力足(759)/
办公必备(188)/
口碑很好(68)/"
"
                                        
                                                                                美的（Midea）1.5匹 风酷 新一级能效 变频冷暖 自清洁 壁挂式空调挂机 京东小家智能家电 KFR-35GW/N8XHC1                ","
                                ￥
                                2699.00
                                                            ",                                    S***t            ,                    PLUS会员             ,star5,一次性买了五台，效果很好，安装的也不错，好评,2023-04-14 19:28,0,1,,,【1.5匹】风酷一级 金榜爆款                                                                                     ,https://item.jd.com/100013588053.html#none,【美的KFR-35GW/N8XHC1】美的（Midea）1.5匹 风酷 新一级能效 变频冷暖 自清洁 壁挂式空调挂机 京东小家智能家电 KFR-35GW/N8XHC1【行情 报价 价格 评测】-京东,2023-04-14 11:35:06.919,100013588053,99%        ,"送货安装(8087)/
超级省电(6134)/
外观漂亮(5658)/
美观大方(5461)/
制冷给力(3972)/
功能合理(1556)/
声音很轻(1443)/
工艺精美(1229)/
反应迅速(990)/
易于操控(927)/
风大马力足(759)/
办公必备(188)/
口碑很好(68)/"
"
                                        
                                                                                美的（Midea）1.5匹 风酷 新一级能效 变频冷暖 自清洁 壁挂式空调挂机 京东小家智能家电 KFR-35GW/N8XHC1                ","
                                ￥
                                2699.00
                                                            ",                                    j***K            ,                                 ,star5,安装很好,2023-04-14 18:27,0,1,,,【1.5匹】风酷一级 金榜爆款                                                                                     ,https://item.jd.com/100013588053.html#none,【美的KFR-35GW/N8XHC1】美的（Midea）1.5匹 风酷 新一级能效 变频冷暖 自清洁 壁挂式空调挂机 京东小家智能家电 KFR-35GW/N8XHC1【行情 报价 价格 评测】-京东,2023-04-14 11:35:06.990,100013588053,99%        ,"送货安装(8087)/
超级省电(6134)/
外观漂亮(5658)/
美观大方(5461)/
制冷给力(3972)/
功能合理(1556)/
声音很轻(1443)/
工艺精美(1229)/
反应迅速(990)/
易于操控(927)/
风大马力足(759)/
办公必备(188)/
口碑很好(68)/"
"
                                        
                                                                                美的（Midea）1.5匹 风酷 新一级能效 变频冷暖 自清洁 壁挂式空调挂机 京东小家智能家电 KFR-35GW/N8XHC1                ","
                                ￥
                                2699.00
                                                            ",                                    h***t            ,                    PLUS会员             ,star5,静音效果一般，安装师傅挺好,2023-04-14 18:02,0,1,,,【1.5匹】风酷一级 金榜爆款                                                                                     ,https://item.jd.com/100013588053.html#none,【美的KFR-35GW/N8XHC1】美的（Midea）1.5匹 风酷 新一级能效 变频冷暖 自清洁 壁挂式空调挂机 京东小家智能家电 KFR-35GW/N8XHC1【行情 报价 价格 评测】-京东,2023-04-14 11:35:07.075,100013588053,99%        ,"送货安装(8087)/
超级省电(6134)/
外观漂亮(5658)/
美观大方(5461)/
制冷给力(3972)/
功能合理(1556)/
声音很轻(1443)/
工艺精美(1229)/
反应迅速(990)/
易于操控(927)/
风大马力足(759)/
办公必备(188)/
口碑很好(68)/"
"
                                        
                                                                                美的（Midea）1.5匹 风酷 新一级能效 变频冷暖 自清洁 壁挂式空调挂机 京东小家智能家电 KFR-35GW/N8XHC1                ","
                                ￥
                                2699.00
                                                            ",                                    h***t            ,                    PLUS会员             ,star5,静音效果一般，安装师傅倒是挺耐心,2023-04-14 18:01,0,0,,,【1.5匹】风酷一级 金榜爆款                                                                                     ,https://item.jd.com/100013588053.html#none,【美的KFR-35GW/N8XHC1】美的（Midea）1.5匹 风酷 新一级能效 变频冷暖 自清洁 壁挂式空调挂机 京东小家智能家电 KFR-35GW/N8XHC1【行情 报价 价格 评测】-京东,2023-04-14 11:35:07.168,100013588053,99%        ,"送货安装(8087)/
超级省电(6134)/
外观漂亮(5658)/
美观大方(5461)/
制冷给力(3972)/
功能合理(1556)/
声音很轻(1443)/
工艺精美(1229)/
反应迅速(990)/
易于操控(927)/
风大马力足(759)/
办公必备(188)/
口碑很好(68)/"
"
                                        
                                                                                美的（Midea）1.5匹 风酷 新一级能效 变频冷暖 自清洁 壁挂式空调挂机 京东小家智能家电 KFR-35GW/N8XHC1                ","
                                ￥
                                2699.00
                                                            ",                                    j***4            ,                                 ,star5,美的的新空调，感觉还不错，安装师傅也很负责。,2023-04-14 17:53,0,1,,,【1.5匹】风酷一级 金榜爆款                                                                                     ,https://item.jd.com/100013588053.html#none,【美的KFR-35GW/N8XHC1】美的（Midea）1.5匹 风酷 新一级能效 变频冷暖 自清洁 壁挂式空调挂机 京东小家智能家电 KFR-35GW/N8XHC1【行情 报价 价格 评测】-京东,2023-04-14 11:35:07.238,100013588053,99%        ,"送货安装(8087)/
超级省电(6134)/
外观漂亮(5658)/
美观大方(5461)/
制冷给力(3972)/
功能合理(1556)/
声音很轻(1443)/
工艺精美(1229)/
反应迅速(990)/
易于操控(927)/
风大马力足(759)/
办公必备(188)/
口碑很好(68)/"
"
                                        
                                                                                美的（Midea）1.5匹 风酷 新一级能效 变频冷暖 自清洁 壁挂式空调挂机 京东小家智能家电 KFR-35GW/N8XHC1                ","
                                ￥
                                2699.00
                                                            ",                                    j***4            ,                                 ,star5,快递运输很快，安装师傅也同步上门安装的。,2023-04-14 17:51,0,1,,,【1.5匹】风酷一级 金榜爆款                                                                                     ,https://item.jd.com/100013588053.html#none,【美的KFR-35GW/N8XHC1】美的（Midea）1.5匹 风酷 新一级能效 变频冷暖 自清洁 壁挂式空调挂机 京东小家智能家电 KFR-35GW/N8XHC1【行情 报价 价格 评测】-京东,2023-04-14 11:35:07.329,100013588053,99%        ,"送货安装(8087)/
超级省电(6134)/
外观漂亮(5658)/
美观大方(5461)/
制冷给力(3972)/
功能合理(1556)/
声音很轻(1443)/
工艺精美(1229)/
反应迅速(990)/
易于操控(927)/
风大马力足(759)/
办公必备(188)/
口碑很好(68)/"
"
                                        
                                                                                美的（Midea）1.5匹 风酷 新一级能效 变频冷暖 自清洁 壁挂式空调挂机 京东小家智能家电 KFR-35GW/N8XHC1                ","
                                ￥
                                2699.00
                                                            ",                                    j***S            ,                    PLUS会员             ,star5,制冷很快，买第四个美的空调了，推荐,2023-04-14 17:50,0,0,,,【1.5匹】风酷一级 金榜爆款                                                                                     ,https://item.jd.com/100013588053.html#comment,【美的KFR-35GW/N8XHC1】美的（Midea）1.5匹 风酷 新一级能效 变频冷暖 自清洁 壁挂式空调挂机 京东小家智能家电 KFR-35GW/N8XHC1【行情 报价 价格 评测】-京东,2023-04-14 11:35:18.988,100013588053,99%        ,"送货安装(8087)/
超级省电(6134)/
外观漂亮(5658)/
美观大方(5461)/
制冷给力(3972)/
功能合理(1556)/
声音很轻(1443)/
工艺精美(1229)/
反应迅速(990)/
易于操控(927)/
风大马力足(759)/
办公必备(188)/
口碑很好(68)/"
"
                                        
                                                                                美的（Midea）1.5匹 风酷 新一级能效 变频冷暖 自清洁 壁挂式空调挂机 京东小家智能家电 KFR-35GW/N8XHC1                ","
                                ￥
                                2699.00
                                                            ",                                    j***4            ,                                 ,star5,空调不错，安装师傅很专业,2023-04-14 17:49,0,1,,,【1.5匹】风酷一级 金榜爆款                                                                                     ,https://item.jd.com/100013588053.html#comment,【美的KFR-35GW/N8XHC1】美的（Midea）1.5匹 风酷 新一级能效 变频冷暖 自清洁 壁挂式空调挂机 京东小家智能家电 KFR-35GW/N8XHC1【行情 报价 价格 评测】-京东,2023-04-14 11:35:19.090,100013588053,99%        ,"送货安装(8087)/
超级省电(6134)/
外观漂亮(5658)/
美观大方(5461)/
制冷给力(3972)/
功能合理(1556)/
声音很轻(1443)/
工艺精美(1229)/
反应迅速(990)/
易于操控(927)/
风大马力足(759)/
办公必备(188)/
口碑很好(68)/"
"
                                        
                                                                                美的（Midea）1.5匹 风酷 新一级能效 变频冷暖 自清洁 壁挂式空调挂机 京东小家智能家电 KFR-35GW/N8XHC1                ","
                                ￥
                                2699.00
                                                            ",                                    j***4            ,                                 ,star5,买的新空调，安装也很到位,2023-04-14 17:48,0,1,,,【1.5匹】风酷一级 金榜爆款                                                                                     ,https://item.jd.com/100013588053.html#comment,【美的KFR-35GW/N8XHC1】美的（Midea）1.5匹 风酷 新一级能效 变频冷暖 自清洁 壁挂式空调挂机 京东小家智能家电 KFR-35GW/N8XHC1【行情 报价 价格 评测】-京东,2023-04-14 11:35:19.192,100013588053,99%        ,"送货安装(8087)/
超级省电(6134)/
外观漂亮(5658)/
美观大方(5461)/
制冷给力(3972)/
功能合理(1556)/
声音很轻(1443)/
工艺精美(1229)/
反应迅速(990)/
易于操控(927)/
风大马力足(759)/
办公必备(188)/
口碑很好(68)/"
"
                                        
                                                                                美的（Midea）1.5匹 风酷 新一级能效 变频冷暖 自清洁 壁挂式空调挂机 京东小家智能家电 KFR-35GW/N8XHC1                ","
                                ￥
                                2699.00
                                                            ",                                    j***4            ,                                 ,star5,帮家里老人装的，空调不错哦，安装师傅也很细心。,2023-04-14 17:47,0,0,,,【1.5匹】风酷一级 金榜爆款                                                                                     ,https://item.jd.com/100013588053.html#comment,【美的KFR-35GW/N8XHC1】美的（Midea）1.5匹 风酷 新一级能效 变频冷暖 自清洁 壁挂式空调挂机 京东小家智能家电 KFR-35GW/N8XHC1【行情 报价 价格 评测】-京东,2023-04-14 11:35:19.290,100013588053,99%        ,"送货安装(8087)/
超级省电(6134)/
外观漂亮(5658)/
美观大方(5461)/
制冷给力(3972)/
功能合理(1556)/
声音很轻(1443)/
工艺精美(1229)/
反应迅速(990)/
易于操控(927)/
风大马力足(759)/
办公必备(188)/
口碑很好(68)/"
"
                                        
                                                                                美的（Midea）1.5匹 风酷 新一级能效 变频冷暖 自清洁 壁挂式空调挂机 京东小家智能家电 KFR-35GW/N8XHC1                ","
                                ￥
                                2699.00
                                                            ",                                    老***8            ,                                 ,star5,非常好！,2023-04-14 17:32,0,1,,,【1.5匹】风酷一级 金榜爆款                                                                                     ,https://item.jd.com/100013588053.html#comment,【美的KFR-35GW/N8XHC1】美的（Midea）1.5匹 风酷 新一级能效 变频冷暖 自清洁 壁挂式空调挂机 京东小家智能家电 KFR-35GW/N8XHC1【行情 报价 价格 评测】-京东,2023-04-14 11:35:19.395,100013588053,99%        ,"送货安装(8087)/
超级省电(6134)/
外观漂亮(5658)/
美观大方(5461)/
制冷给力(3972)/
功能合理(1556)/
声音很轻(1443)/
工艺精美(1229)/
反应迅速(990)/
易于操控(927)/
风大马力足(759)/
办公必备(188)/
口碑很好(68)/"
"
                                        
                                                                                美的（Midea）1.5匹 风酷 新一级能效 变频冷暖 自清洁 壁挂式空调挂机 京东小家智能家电 KFR-35GW/N8XHC1                ","
                                ￥
                                2699.00
                                                            ",                                    廖***4            ,                                 ,star5,美的也是大品牌值得信赖,2023-04-14 17:28,0,1,,,【1.5匹】风酷一级 金榜爆款                                                                                     ,https://item.jd.com/100013588053.html#comment,【美的KFR-35GW/N8XHC1】美的（Midea）1.5匹 风酷 新一级能效 变频冷暖 自清洁 壁挂式空调挂机 京东小家智能家电 KFR-35GW/N8XHC1【行情 报价 价格 评测】-京东,2023-04-14 11:35:19.491,100013588053,99%        ,"送货安装(8087)/
超级省电(6134)/
外观漂亮(5658)/
美观大方(5461)/
制冷给力(3972)/
功能合理(1556)/
声音很轻(1443)/
工艺精美(1229)/
反应迅速(990)/
易于操控(927)/
风大马力足(759)/
办公必备(188)/
口碑很好(68)/"
"
                                        
                                                                                美的（Midea）1.5匹 风酷 新一级能效 变频冷暖 自清洁 壁挂式空调挂机 京东小家智能家电 KFR-35GW/N8XHC1                ","
                                ￥
                                2699.00
                                                            ",                                    青***瓜            ,                    PLUS会员             ,star5,很好很强大，很好用。,2023-04-14 17:02,0,1,,,【1.5匹】风酷一级 金榜爆款                                                                                     ,https://item.jd.com/100013588053.html#comment,【美的KFR-35GW/N8XHC1】美的（Midea）1.5匹 风酷 新一级能效 变频冷暖 自清洁 壁挂式空调挂机 京东小家智能家电 KFR-35GW/N8XHC1【行情 报价 价格 评测】-京东,2023-04-14 11:35:19.594,100013588053,99%        ,"送货安装(8087)/
超级省电(6134)/
外观漂亮(5658)/
美观大方(5461)/
制冷给力(3972)/
功能合理(1556)/
声音很轻(1443)/
工艺精美(1229)/
反应迅速(990)/
易于操控(927)/
风大马力足(759)/
办公必备(188)/
口碑很好(68)/"
"
                                        
                                                                                美的（Midea）1.5匹 风酷 新一级能效 变频冷暖 自清洁 壁挂式空调挂机 京东小家智能家电 KFR-35GW/N8XHC1                ","
                                ￥
                                2699.00
                                                            ",                                    a***9            ,                                 ,star5,"外形外观：大气美观
冷暖效果：效果很好，制热效果不错
静音效果：噪音小
新款，功能强大",2023-04-14 16:32,0,1,,,【1.5匹】风酷一级 金榜爆款                                                                                     ,https://item.jd.com/100013588053.html#comment,【美的KFR-35GW/N8XHC1】美的（Midea）1.5匹 风酷 新一级能效 变频冷暖 自清洁 壁挂式空调挂机 京东小家智能家电 KFR-35GW/N8XHC1【行情 报价 价格 评测】-京东,2023-04-14 11:35:19.692,100013588053,99%        ,"送货安装(8087)/
超级省电(6134)/
外观漂亮(5658)/
美观大方(5461)/
制冷给力(3972)/
功能合理(1556)/
声音很轻(1443)/
工艺精美(1229)/
反应迅速(990)/
易于操控(927)/
风大马力足(759)/
办公必备(188)/
口碑很好(68)/"
"
                                        
                                                                                美的（Midea）1.5匹 风酷 新一级能效 变频冷暖 自清洁 壁挂式空调挂机 京东小家智能家电 KFR-35GW/N8XHC1                ","
                                ￥
                                2699.00
                                                            ",                                    m***9            ,                    PLUS会员             ,star5,大品牌！值得信赖的！效果超级好！贵有贵的道理！很棒的商品！,2023-04-14 16:20,0,0,,,【1.5匹】风酷一级 金榜爆款                                                                                     ,https://item.jd.com/100013588053.html#comment,【美的KFR-35GW/N8XHC1】美的（Midea）1.5匹 风酷 新一级能效 变频冷暖 自清洁 壁挂式空调挂机 京东小家智能家电 KFR-35GW/N8XHC1【行情 报价 价格 评测】-京东,2023-04-14 11:35:19.790,100013588053,99%        ,"送货安装(8087)/
超级省电(6134)/
外观漂亮(5658)/
美观大方(5461)/
制冷给力(3972)/
功能合理(1556)/
声音很轻(1443)/
工艺精美(1229)/
反应迅速(990)/
易于操控(927)/
风大马力足(759)/
办公必备(188)/
口碑很好(68)/"
"
                                        
                                                                                美的（Midea）1.5匹 风酷 新一级能效 变频冷暖 自清洁 壁挂式空调挂机 京东小家智能家电 KFR-35GW/N8XHC1                ","
                                ￥
                                2699.00
                                                            ",                                    m***9            ,                    PLUS会员             ,star5,空调很好！安装师傅很负责！空调很好！很静音！没有噪音！很好！空调很好！安装师傅很负责！,2023-04-14 16:20,0,1,,,【1.5匹】风酷一级 金榜爆款                                                                                     ,https://item.jd.com/100013588053.html#comment,【美的KFR-35GW/N8XHC1】美的（Midea）1.5匹 风酷 新一级能效 变频冷暖 自清洁 壁挂式空调挂机 京东小家智能家电 KFR-35GW/N8XHC1【行情 报价 价格 评测】-京东,2023-04-14 11:35:19.902,100013588053,99%        ,"送货安装(8087)/
超级省电(6134)/
外观漂亮(5658)/
美观大方(5461)/
制冷给力(3972)/
功能合理(1556)/
声音很轻(1443)/
工艺精美(1229)/
反应迅速(990)/
易于操控(927)/
风大马力足(759)/
办公必备(188)/
口碑很好(68)/"
"
                                        
                                                                                美的（Midea）1.5匹 风酷 新一级能效 变频冷暖 自清洁 壁挂式空调挂机 京东小家智能家电 KFR-35GW/N8XHC1                ","
                                ￥
                                2699.00
                                                            ",                                    锅***3            ,                    PLUS会员             ,star5,"外形外观：块
冷暖效果：好安装师傅来的快 1111",2023-04-14 16:20,0,1,,,【1.5匹】风酷一级 金榜爆款                                                                                     ,https://item.jd.com/100013588053.html#comment,【美的KFR-35GW/N8XHC1】美的（Midea）1.5匹 风酷 新一级能效 变频冷暖 自清洁 壁挂式空调挂机 京东小家智能家电 KFR-35GW/N8XHC1【行情 报价 价格 评测】-京东,2023-04-14 11:35:31.543,100013588053,99%        ,"送货安装(8087)/
超级省电(6134)/
外观漂亮(5658)/
美观大方(5461)/
制冷给力(3972)/
功能合理(1556)/
声音很轻(1443)/
工艺精美(1229)/
反应迅速(990)/
易于操控(927)/
风大马力足(759)/
办公必备(188)/
口碑很好(68)/"
"
                                        
                                                                                美的（Midea）1.5匹 风酷 新一级能效 变频冷暖 自清洁 壁挂式空调挂机 京东小家智能家电 KFR-35GW/N8XHC1                ","
                                ￥
                                2699.00
                                                            ",                                    锅***3            ,                    PLUS会员             ,star5,"安装师傅很快就来了
冷暖效果：好",2023-04-14 16:18,0,1,,,【1.5匹】风酷一级 金榜爆款                                                                                     ,https://item.jd.com/100013588053.html#comment,【美的KFR-35GW/N8XHC1】美的（Midea）1.5匹 风酷 新一级能效 变频冷暖 自清洁 壁挂式空调挂机 京东小家智能家电 KFR-35GW/N8XHC1【行情 报价 价格 评测】-京东,2023-04-14 11:35:31.621,100013588053,99%        ,"送货安装(8087)/
超级省电(6134)/
外观漂亮(5658)/
美观大方(5461)/
制冷给力(3972)/
功能合理(1556)/
声音很轻(1443)/
工艺精美(1229)/
反应迅速(990)/
易于操控(927)/
风大马力足(759)/
办公必备(188)/
口碑很好(68)/"
"
                                        
                                                                                美的（Midea）1.5匹 风酷 新一级能效 变频冷暖 自清洁 壁挂式空调挂机 京东小家智能家电 KFR-35GW/N8XHC1                ","
                                ￥
                                2699.00
                                                            ",                                    u***h            ,                    PLUS会员             ,star5,此用户未填写评价内容,2023-04-14 16:17,0,0,[购买2天后追评],好,【1.5匹】风酷一级 金榜爆款                                                                                     ,https://item.jd.com/100013588053.html#comment,【美的KFR-35GW/N8XHC1】美的（Midea）1.5匹 风酷 新一级能效 变频冷暖 自清洁 壁挂式空调挂机 京东小家智能家电 KFR-35GW/N8XHC1【行情 报价 价格 评测】-京东,2023-04-14 11:35:31.694,100013588053,99%        ,"送货安装(8087)/
超级省电(6134)/
外观漂亮(5658)/
美观大方(5461)/
制冷给力(3972)/
功能合理(1556)/
声音很轻(1443)/
工艺精美(1229)/
反应迅速(990)/
易于操控(927)/
风大马力足(759)/
办公必备(188)/
口碑很好(68)/"
"
                                        
                                                                                美的（Midea）1.5匹 风酷 新一级能效 变频冷暖 自清洁 壁挂式空调挂机 京东小家智能家电 KFR-35GW/N8XHC1                ","
                                ￥
                                2699.00
                                                            ",                                    颖***怡            ,                                 ,star1,此用户未填写评价内容,2023-04-14 16:08,0,1,,,【1.5匹】风酷一级 金榜爆款                                                                                     ,https://item.jd.com/100013588053.html#comment,【美的KFR-35GW/N8XHC1】美的（Midea）1.5匹 风酷 新一级能效 变频冷暖 自清洁 壁挂式空调挂机 京东小家智能家电 KFR-35GW/N8XHC1【行情 报价 价格 评测】-京东,2023-04-14 11:35:31.774,100013588053,99%        ,"送货安装(8087)/
超级省电(6134)/
外观漂亮(5658)/
美观大方(5461)/
制冷给力(3972)/
功能合理(1556)/
声音很轻(1443)/
工艺精美(1229)/
反应迅速(990)/
易于操控(927)/
风大马力足(759)/
办公必备(188)/
口碑很好(68)/"
"
                                        
                                                                                美的（Midea）1.5匹 风酷 新一级能效 变频冷暖 自清洁 壁挂式空调挂机 京东小家智能家电 KFR-35GW/N8XHC1                ","
                                ￥
                                2699.00
                                                            ",                                    j***L            ,                                 ,star5,空调质量很好，负责安装的小哥很负责,2023-04-14 16:04,0,1,,,【1.5匹】风酷一级 金榜爆款                                                                                     ,https://item.jd.com/100013588053.html#comment,【美的KFR-35GW/N8XHC1】美的（Midea）1.5匹 风酷 新一级能效 变频冷暖 自清洁 壁挂式空调挂机 京东小家智能家电 KFR-35GW/N8XHC1【行情 报价 价格 评测】-京东,2023-04-14 11:35:31.842,100013588053,99%        ,"送货安装(8087)/
超级省电(6134)/
外观漂亮(5658)/
美观大方(5461)/
制冷给力(3972)/
功能合理(1556)/
声音很轻(1443)/
工艺精美(1229)/
反应迅速(990)/
易于操控(927)/
风大马力足(759)/
办公必备(188)/
口碑很好(68)/"
"
                                        
                                                                                美的（Midea）1.5匹 风酷 新一级能效 变频冷暖 自清洁 壁挂式空调挂机 京东小家智能家电 KFR-35GW/N8XHC1                ","
                                ￥
                                2699.00
                                                            ",                                    颖***怡            ,                                 ,star5,2月底才购买，四月初空调就有问题，不是工作人员入住，都不知道空调噪音这么大，结果工程人员去看，风筒是坏的，这质量问题一方面，后台申请售后，都过了五天都没有维修师傅上门，后台客服说会有师傅联系，五天过后再问，都遗忘这个事情了，还说还要等，说师傅忙，糖酒会酒店投诉空调问题的赔偿损失好大，这产品质量和服务真是不摆了,2023-04-14 16:02,0,0,[购买49天后追评],真的是感情不太好,【1.5匹】风酷一级 金榜爆款                                                                                     ,https://item.jd.com/100013588053.html#comment,【美的KFR-35GW/N8XHC1】美的（Midea）1.5匹 风酷 新一级能效 变频冷暖 自清洁 壁挂式空调挂机 京东小家智能家电 KFR-35GW/N8XHC1【行情 报价 价格 评测】-京东,2023-04-14 11:35:31.919,100013588053,99%        ,"送货安装(8087)/
超级省电(6134)/
外观漂亮(5658)/
美观大方(5461)/
制冷给力(3972)/
功能合理(1556)/
声音很轻(1443)/
工艺精美(1229)/
反应迅速(990)/
易于操控(927)/
风大马力足(759)/
办公必备(188)/
口碑很好(68)/"
"
                                        
                                                                                美的（Midea）1.5匹 风酷 新一级能效 变频冷暖 自清洁 壁挂式空调挂机 京东小家智能家电 KFR-35GW/N8XHC1                ","
                                ￥
                                2699.00
                                                            ",                                    老***T            ,                                 ,star5,好用实用！,2023-04-14 15:49,0,1,,,【1.5匹】风酷一级 金榜爆款                                                                                     ,https://item.jd.com/100013588053.html#comment,【美的KFR-35GW/N8XHC1】美的（Midea）1.5匹 风酷 新一级能效 变频冷暖 自清洁 壁挂式空调挂机 京东小家智能家电 KFR-35GW/N8XHC1【行情 报价 价格 评测】-京东,2023-04-14 11:35:31.998,100013588053,99%        ,"送货安装(8087)/
超级省电(6134)/
外观漂亮(5658)/
美观大方(5461)/
制冷给力(3972)/
功能合理(1556)/
声音很轻(1443)/
工艺精美(1229)/
反应迅速(990)/
易于操控(927)/
风大马力足(759)/
办公必备(188)/
口碑很好(68)/"
"
                                        
                                                                                美的（Midea）1.5匹 风酷 新一级能效 变频冷暖 自清洁 壁挂式空调挂机 京东小家智能家电 KFR-35GW/N8XHC1                ","
                                ￥
                                2699.00
                                                            ",                                    高***菜            ,                                 ,star5,空调很满意，之前第一个主卧就是这款，所以这次毫不犹豫就又订了一台，只是遥控板不同了，其他的都一样，很满意。,2023-04-14 15:38,0,1,,,【1.5匹】风酷一级 金榜爆款                                                                                     ,https://item.jd.com/100013588053.html#comment,【美的KFR-35GW/N8XHC1】美的（Midea）1.5匹 风酷 新一级能效 变频冷暖 自清洁 壁挂式空调挂机 京东小家智能家电 KFR-35GW/N8XHC1【行情 报价 价格 评测】-京东,2023-04-14 11:35:32.080,100013588053,99%        ,"送货安装(8087)/
超级省电(6134)/
外观漂亮(5658)/
美观大方(5461)/
制冷给力(3972)/
功能合理(1556)/
声音很轻(1443)/
工艺精美(1229)/
反应迅速(990)/
易于操控(927)/
风大马力足(759)/
办公必备(188)/
口碑很好(68)/"
"
                                        
                                                                                美的（Midea）1.5匹 风酷 新一级能效 变频冷暖 自清洁 壁挂式空调挂机 京东小家智能家电 KFR-35GW/N8XHC1                ","
                                ￥
                                2699.00
                                                            ",                                    有***转            ,                                 ,star5,挺不错的,2023-04-14 15:23,0,1,,,【1.5匹】风酷一级 金榜爆款                                                                                     ,https://item.jd.com/100013588053.html#comment,【美的KFR-35GW/N8XHC1】美的（Midea）1.5匹 风酷 新一级能效 变频冷暖 自清洁 壁挂式空调挂机 京东小家智能家电 KFR-35GW/N8XHC1【行情 报价 价格 评测】-京东,2023-04-14 11:35:32.159,100013588053,99%        ,"送货安装(8087)/
超级省电(6134)/
外观漂亮(5658)/
美观大方(5461)/
制冷给力(3972)/
功能合理(1556)/
声音很轻(1443)/
工艺精美(1229)/
反应迅速(990)/
易于操控(927)/
风大马力足(759)/
办公必备(188)/
口碑很好(68)/"
"
                                        
                                                                                美的（Midea）1.5匹 风酷 新一级能效 变频冷暖 自清洁 壁挂式空调挂机 京东小家智能家电 KFR-35GW/N8XHC1                ","
                                ￥
                                2699.00
                                                            ",                                    齐***生            ,                    PLUS会员             ,star5,制冷效果好，省电安静，师傅安装服务好，外观简单大气，非常省电，大品牌就是好,2023-04-14 15:23,0,1,,,【1.5匹】风酷一级 金榜爆款                                                                                     ,https://item.jd.com/100013588053.html#comment,【美的KFR-35GW/N8XHC1】美的（Midea）1.5匹 风酷 新一级能效 变频冷暖 自清洁 壁挂式空调挂机 京东小家智能家电 KFR-35GW/N8XHC1【行情 报价 价格 评测】-京东,2023-04-14 11:35:32.242,100013588053,99%        ,"送货安装(8087)/
超级省电(6134)/
外观漂亮(5658)/
美观大方(5461)/
制冷给力(3972)/
功能合理(1556)/
声音很轻(1443)/
工艺精美(1229)/
反应迅速(990)/
易于操控(927)/
风大马力足(759)/
办公必备(188)/
口碑很好(68)/"
"
                                        
                                                                                美的（Midea）1.5匹 风酷 新一级能效 变频冷暖 自清洁 壁挂式空调挂机 京东小家智能家电 KFR-35GW/N8XHC1                ","
                                ￥
                                2699.00
                                                            ",                                    j***v            ,                                 ,star5,配送很快，安装也快，相当满意！！！,2023-04-14 15:14,0,1,,,【1.5匹】风酷一级 金榜爆款                                                                                     ,https://item.jd.com/100013588053.html#comment,【美的KFR-35GW/N8XHC1】美的（Midea）1.5匹 风酷 新一级能效 变频冷暖 自清洁 壁挂式空调挂机 京东小家智能家电 KFR-35GW/N8XHC1【行情 报价 价格 评测】-京东,2023-04-14 11:35:43.857,100013588053,99%        ,"送货安装(8087)/
超级省电(6134)/
外观漂亮(5658)/
美观大方(5461)/
制冷给力(3972)/
功能合理(1556)/
声音很轻(1443)/
工艺精美(1229)/
反应迅速(990)/
易于操控(927)/
风大马力足(759)/
办公必备(188)/
口碑很好(68)/"
"
                                        
                                                                                美的（Midea）1.5匹 风酷 新一级能效 变频冷暖 自清洁 壁挂式空调挂机 京东小家智能家电 KFR-35GW/N8XHC1                ","
                                ￥
                                2699.00
                                                            ",                                    夕***下            ,                                 ,star5,满意,2023-04-14 14:13,0,1,,,【1.5匹】风酷一级 金榜爆款                                                                                     ,https://item.jd.com/100013588053.html#comment,【美的KFR-35GW/N8XHC1】美的（Midea）1.5匹 风酷 新一级能效 变频冷暖 自清洁 壁挂式空调挂机 京东小家智能家电 KFR-35GW/N8XHC1【行情 报价 价格 评测】-京东,2023-04-14 11:35:43.934,100013588053,99%        ,"送货安装(8087)/
超级省电(6134)/
外观漂亮(5658)/
美观大方(5461)/
制冷给力(3972)/
功能合理(1556)/
声音很轻(1443)/
工艺精美(1229)/
反应迅速(990)/
易于操控(927)/
风大马力足(759)/
办公必备(188)/
口碑很好(68)/"
"
                                        
                                                                                美的（Midea）1.5匹 风酷 新一级能效 变频冷暖 自清洁 壁挂式空调挂机 京东小家智能家电 KFR-35GW/N8XHC1                ","
                                ￥
                                2699.00
                                                            ",                                    夕***下            ,                                 ,star5,满意,2023-04-14 14:13,0,1,,,【1.5匹】风酷一级 金榜爆款                                                                                     ,https://item.jd.com/100013588053.html#comment,【美的KFR-35GW/N8XHC1】美的（Midea）1.5匹 风酷 新一级能效 变频冷暖 自清洁 壁挂式空调挂机 京东小家智能家电 KFR-35GW/N8XHC1【行情 报价 价格 评测】-京东,2023-04-14 11:35:44.032,100013588053,99%        ,"送货安装(8087)/
超级省电(6134)/
外观漂亮(5658)/
美观大方(5461)/
制冷给力(3972)/
功能合理(1556)/
声音很轻(1443)/
工艺精美(1229)/
反应迅速(990)/
易于操控(927)/
风大马力足(759)/
办公必备(188)/
口碑很好(68)/"
"
                                        
                                                                                美的（Midea）1.5匹 风酷 新一级能效 变频冷暖 自清洁 壁挂式空调挂机 京东小家智能家电 KFR-35GW/N8XHC1                ","
                                ￥
                                2699.00
                                                            ",                                    夕***下            ,                                 ,star5,满意,2023-04-14 14:13,0,1,,,【1.5匹】风酷一级 金榜爆款                                                                                     ,https://item.jd.com/100013588053.html#comment,【美的KFR-35GW/N8XHC1】美的（Midea）1.5匹 风酷 新一级能效 变频冷暖 自清洁 壁挂式空调挂机 京东小家智能家电 KFR-35GW/N8XHC1【行情 报价 价格 评测】-京东,2023-04-14 11:35:44.115,100013588053,99%        ,"送货安装(8087)/
超级省电(6134)/
外观漂亮(5658)/
美观大方(5461)/
制冷给力(3972)/
功能合理(1556)/
声音很轻(1443)/
工艺精美(1229)/
反应迅速(990)/
易于操控(927)/
风大马力足(759)/
办公必备(188)/
口碑很好(68)/"
"
                                        
                                                                                美的（Midea）1.5匹 风酷 新一级能效 变频冷暖 自清洁 壁挂式空调挂机 京东小家智能家电 KFR-35GW/N8XHC1                ","
                                ￥
                                2699.00
                                                            ",                                    夕***下            ,                                 ,star5,满意,2023-04-14 14:12,0,1,,,【1.5匹】风酷一级 金榜爆款                                                                                     ,https://item.jd.com/100013588053.html#comment,【美的KFR-35GW/N8XHC1】美的（Midea）1.5匹 风酷 新一级能效 变频冷暖 自清洁 壁挂式空调挂机 京东小家智能家电 KFR-35GW/N8XHC1【行情 报价 价格 评测】-京东,2023-04-14 11:35:44.199,100013588053,99%        ,"送货安装(8087)/
超级省电(6134)/
外观漂亮(5658)/
美观大方(5461)/
制冷给力(3972)/
功能合理(1556)/
声音很轻(1443)/
工艺精美(1229)/
反应迅速(990)/
易于操控(927)/
风大马力足(759)/
办公必备(188)/
口碑很好(68)/"
"
                                        
                                                                                美的（Midea）1.5匹 风酷 新一级能效 变频冷暖 自清洁 壁挂式空调挂机 京东小家智能家电 KFR-35GW/N8XHC1                ","
                                ￥
                                2699.00
                                                            ",                                    j***S            ,                                 ,star5,京东物流就是快，美的空调有保证，安装师傅也很给力。,2023-04-14 14:12,0,1,,,【1.5匹】风酷一级 金榜爆款                                                                                     ,https://item.jd.com/100013588053.html#comment,【美的KFR-35GW/N8XHC1】美的（Midea）1.5匹 风酷 新一级能效 变频冷暖 自清洁 壁挂式空调挂机 京东小家智能家电 KFR-35GW/N8XHC1【行情 报价 价格 评测】-京东,2023-04-14 11:35:44.307,100013588053,99%        ,"送货安装(8087)/
超级省电(6134)/
外观漂亮(5658)/
美观大方(5461)/
制冷给力(3972)/
功能合理(1556)/
声音很轻(1443)/
工艺精美(1229)/
反应迅速(990)/
易于操控(927)/
风大马力足(759)/
办公必备(188)/
口碑很好(68)/"
"
                                        
                                                                                美的（Midea）1.5匹 风酷 新一级能效 变频冷暖 自清洁 壁挂式空调挂机 京东小家智能家电 KFR-35GW/N8XHC1                ","
                                ￥
                                2699.00
                                                            ",                                    d***8            ,                                 ,star5,上门安装师傅很认真,2023-04-14 13:44,0,1,,,【1.5匹】风酷一级 金榜爆款                                                                                     ,https://item.jd.com/100013588053.html#comment,【美的KFR-35GW/N8XHC1】美的（Midea）1.5匹 风酷 新一级能效 变频冷暖 自清洁 壁挂式空调挂机 京东小家智能家电 KFR-35GW/N8XHC1【行情 报价 价格 评测】-京东,2023-04-14 11:35:44.400,100013588053,99%        ,"送货安装(8087)/
超级省电(6134)/
外观漂亮(5658)/
美观大方(5461)/
制冷给力(3972)/
功能合理(1556)/
声音很轻(1443)/
工艺精美(1229)/
反应迅速(990)/
易于操控(927)/
风大马力足(759)/
办公必备(188)/
口碑很好(68)/"
"
                                        
                                                                                美的（Midea）1.5匹 风酷 新一级能效 变频冷暖 自清洁 壁挂式空调挂机 京东小家智能家电 KFR-35GW/N8XHC1                ","
                                ￥
                                2699.00
                                                            ",                                    鹅***对            ,                    PLUS会员             ,star5,此用户未填写评价内容,2023-04-14 13:28,0,0,[购买2天后追评],服务很好,【1.5匹】风酷一级 金榜爆款                                                                                     ,https://item.jd.com/100013588053.html#comment,【美的KFR-35GW/N8XHC1】美的（Midea）1.5匹 风酷 新一级能效 变频冷暖 自清洁 壁挂式空调挂机 京东小家智能家电 KFR-35GW/N8XHC1【行情 报价 价格 评测】-京东,2023-04-14 11:35:44.497,100013588053,99%        ,"送货安装(8087)/
超级省电(6134)/
外观漂亮(5658)/
美观大方(5461)/
制冷给力(3972)/
功能合理(1556)/
声音很轻(1443)/
工艺精美(1229)/
反应迅速(990)/
易于操控(927)/
风大马力足(759)/
办公必备(188)/
口碑很好(68)/"
"
                                        
                                                                                美的（Midea）1.5匹 风酷 新一级能效 变频冷暖 自清洁 壁挂式空调挂机 京东小家智能家电 KFR-35GW/N8XHC1                ","
                                ￥
                                2699.00
                                                            ",                                    j***5            ,                    PLUS会员             ,star5,这个空调还挺不错的，然后安装以后也效果挺好，质量效果也挺好的，这个客厅比较小，装个1.5匹的空调，正好挂机也比较好看吧，整体来说比较不错,2023-04-14 13:21,0,1,,,【1.5匹】风酷一级 金榜爆款                                                                                     ,https://item.jd.com/100013588053.html#comment,【美的KFR-35GW/N8XHC1】美的（Midea）1.5匹 风酷 新一级能效 变频冷暖 自清洁 壁挂式空调挂机 京东小家智能家电 KFR-35GW/N8XHC1【行情 报价 价格 评测】-京东,2023-04-14 11:35:44.596,100013588053,99%        ,"送货安装(8087)/
超级省电(6134)/
外观漂亮(5658)/
美观大方(5461)/
制冷给力(3972)/
功能合理(1556)/
声音很轻(1443)/
工艺精美(1229)/
反应迅速(990)/
易于操控(927)/
风大马力足(759)/
办公必备(188)/
口碑很好(68)/"
"
                                        
                                                                                美的（Midea）1.5匹 风酷 新一级能效 变频冷暖 自清洁 壁挂式空调挂机 京东小家智能家电 KFR-35GW/N8XHC1                ","
                                ￥
                                2699.00
                                                            ",                                    j***v            ,                    PLUS会员             ,star3,安装师傅态度还是比较可以的，空调整体还行吧，整体制冷热效果也还可以的，外机声音也不是很响，希望能够好好出更好的产品给到消费者。,2023-04-14 13:16,0,1,,,【1.5匹】风酷一级 金榜爆款                                                                                     ,https://item.jd.com/100013588053.html#comment,【美的KFR-35GW/N8XHC1】美的（Midea）1.5匹 风酷 新一级能效 变频冷暖 自清洁 壁挂式空调挂机 京东小家智能家电 KFR-35GW/N8XHC1【行情 报价 价格 评测】-京东,2023-04-14 11:35:44.693,100013588053,99%        ,"送货安装(8087)/
超级省电(6134)/
外观漂亮(5658)/
美观大方(5461)/
制冷给力(3972)/
功能合理(1556)/
声音很轻(1443)/
工艺精美(1229)/
反应迅速(990)/
易于操控(927)/
风大马力足(759)/
办公必备(188)/
口碑很好(68)/"
"
                                        
                                                                                美的（Midea）1.5匹 风酷 新一级能效 变频冷暖 自清洁 壁挂式空调挂机 京东小家智能家电 KFR-35GW/N8XHC1                ","
                                ￥
                                2699.00
                                                            ",                                    j***l            ,                                 ,star5,此用户未填写评价内容,2023-04-14 12:51,0,0,[购买1天后追评],好好,【1.5匹】风酷一级 金榜爆款                                                                                     ,https://item.jd.com/100013588053.html#comment,【美的KFR-35GW/N8XHC1】美的（Midea）1.5匹 风酷 新一级能效 变频冷暖 自清洁 壁挂式空调挂机 京东小家智能家电 KFR-35GW/N8XHC1【行情 报价 价格 评测】-京东,2023-04-14 11:35:56.210,100013588053,99%        ,"送货安装(8087)/
超级省电(6134)/
外观漂亮(5658)/
美观大方(5461)/
制冷给力(3972)/
功能合理(1556)/
声音很轻(1443)/
工艺精美(1229)/
反应迅速(990)/
易于操控(927)/
风大马力足(759)/
办公必备(188)/
口碑很好(68)/"
"
                                        
                                                                                美的（Midea）1.5匹 风酷 新一级能效 变频冷暖 自清洁 壁挂式空调挂机 京东小家智能家电 KFR-35GW/N8XHC1                ","
                                ￥
                                2699.00
                                                            ",                                    j***i            ,                                 ,star5,安装非常满意,2023-04-14 12:17,0,1,,,【1.5匹】风酷一级 金榜爆款                                                                                     ,https://item.jd.com/100013588053.html#comment,【美的KFR-35GW/N8XHC1】美的（Midea）1.5匹 风酷 新一级能效 变频冷暖 自清洁 壁挂式空调挂机 京东小家智能家电 KFR-35GW/N8XHC1【行情 报价 价格 评测】-京东,2023-04-14 11:35:56.311,100013588053,99%        ,"送货安装(8087)/
超级省电(6134)/
外观漂亮(5658)/
美观大方(5461)/
制冷给力(3972)/
功能合理(1556)/
声音很轻(1443)/
工艺精美(1229)/
反应迅速(990)/
易于操控(927)/
风大马力足(759)/
办公必备(188)/
口碑很好(68)/"
"
                                        
                                                                                美的（Midea）1.5匹 风酷 新一级能效 变频冷暖 自清洁 壁挂式空调挂机 京东小家智能家电 KFR-35GW/N8XHC1                ","
                                ￥
                                2699.00
                                                            ",                                    j***0            ,                                 ,star5,很不错?,2023-04-14 11:40,0,1,,,【1.5匹】风酷一级 金榜爆款                                                                                     ,https://item.jd.com/100013588053.html#comment,【美的KFR-35GW/N8XHC1】美的（Midea）1.5匹 风酷 新一级能效 变频冷暖 自清洁 壁挂式空调挂机 京东小家智能家电 KFR-35GW/N8XHC1【行情 报价 价格 评测】-京东,2023-04-14 11:35:56.387,100013588053,99%        ,"送货安装(8087)/
超级省电(6134)/
外观漂亮(5658)/
美观大方(5461)/
制冷给力(3972)/
功能合理(1556)/
声音很轻(1443)/
工艺精美(1229)/
反应迅速(990)/
易于操控(927)/
风大马力足(759)/
办公必备(188)/
口碑很好(68)/"
"
                                        
                                                                                美的（Midea）1.5匹 风酷 新一级能效 变频冷暖 自清洁 壁挂式空调挂机 京东小家智能家电 KFR-35GW/N8XHC1                ","
                                ￥
                                2699.00
                                                            ",                                    江***伦            ,                                 ,star5,安装满意，师傅专业,2023-04-14 11:30,0,1,,,【1.5匹】风酷一级 金榜爆款                                                                                     ,https://item.jd.com/100013588053.html#comment,【美的KFR-35GW/N8XHC1】美的（Midea）1.5匹 风酷 新一级能效 变频冷暖 自清洁 壁挂式空调挂机 京东小家智能家电 KFR-35GW/N8XHC1【行情 报价 价格 评测】-京东,2023-04-14 11:35:56.467,100013588053,99%        ,"送货安装(8087)/
超级省电(6134)/
外观漂亮(5658)/
美观大方(5461)/
制冷给力(3972)/
功能合理(1556)/
声音很轻(1443)/
工艺精美(1229)/
反应迅速(990)/
易于操控(927)/
风大马力足(759)/
办公必备(188)/
口碑很好(68)/"
"
                                        
                                                                                美的（Midea）1.5匹 风酷 新一级能效 变频冷暖 自清洁 壁挂式空调挂机 京东小家智能家电 KFR-35GW/N8XHC1                ","
                                ￥
                                2699.00
                                                            ",                                    琉***社            ,                    PLUS会员             ,star5,给家里人买的，目前用着没什么问题，回收按安装都挺快的,2023-04-14 10:59,0,1,,,【1.5匹】风酷一级 金榜爆款                                                                                     ,https://item.jd.com/100013588053.html#comment,【美的KFR-35GW/N8XHC1】美的（Midea）1.5匹 风酷 新一级能效 变频冷暖 自清洁 壁挂式空调挂机 京东小家智能家电 KFR-35GW/N8XHC1【行情 报价 价格 评测】-京东,2023-04-14 11:35:56.540,100013588053,99%        ,"送货安装(8087)/
超级省电(6134)/
外观漂亮(5658)/
美观大方(5461)/
制冷给力(3972)/
功能合理(1556)/
声音很轻(1443)/
工艺精美(1229)/
反应迅速(990)/
易于操控(927)/
风大马力足(759)/
办公必备(188)/
口碑很好(68)/"
"
                                        
                                                                                美的（Midea）1.5匹 风酷 新一级能效 变频冷暖 自清洁 壁挂式空调挂机 京东小家智能家电 KFR-35GW/N8XHC1                ","
                                ￥
                                2699.00
                                                            ",                                    y***9            ,                    PLUS会员             ,star5,送货，安装非常好,2023-04-14 10:56,0,1,,,【1.5匹】风酷一级 金榜爆款                                                                                     ,https://item.jd.com/100013588053.html#comment,【美的KFR-35GW/N8XHC1】美的（Midea）1.5匹 风酷 新一级能效 变频冷暖 自清洁 壁挂式空调挂机 京东小家智能家电 KFR-35GW/N8XHC1【行情 报价 价格 评测】-京东,2023-04-14 11:35:56.623,100013588053,99%        ,"送货安装(8087)/
超级省电(6134)/
外观漂亮(5658)/
美观大方(5461)/
制冷给力(3972)/
功能合理(1556)/
声音很轻(1443)/
工艺精美(1229)/
反应迅速(990)/
易于操控(927)/
风大马力足(759)/
办公必备(188)/
口碑很好(68)/"
"
                                        
                                                                                美的（Midea）1.5匹 风酷 新一级能效 变频冷暖 自清洁 壁挂式空调挂机 京东小家智能家电 KFR-35GW/N8XHC1                ","
                                ￥
                                2699.00
                                                            ",                                    林***2            ,                    PLUS会员             ,star5,速度快服务好非常满意,2023-04-14 10:55,0,1,,,【1.5匹】风酷一级 金榜爆款                                                                                     ,https://item.jd.com/100013588053.html#comment,【美的KFR-35GW/N8XHC1】美的（Midea）1.5匹 风酷 新一级能效 变频冷暖 自清洁 壁挂式空调挂机 京东小家智能家电 KFR-35GW/N8XHC1【行情 报价 价格 评测】-京东,2023-04-14 11:35:56.714,100013588053,99%        ,"送货安装(8087)/
超级省电(6134)/
外观漂亮(5658)/
美观大方(5461)/
制冷给力(3972)/
功能合理(1556)/
声音很轻(1443)/
工艺精美(1229)/
反应迅速(990)/
易于操控(927)/
风大马力足(759)/
办公必备(188)/
口碑很好(68)/"
"
                                        
                                                                                美的（Midea）1.5匹 风酷 新一级能效 变频冷暖 自清洁 壁挂式空调挂机 京东小家智能家电 KFR-35GW/N8XHC1                ","
                                ￥
                                2699.00
                                                            ",                                    u***p            ,                                 ,star5,安装及时，质量好，颜色好看，质量好，价格实惠，值得购买。,2023-04-14 10:50,0,1,,,【1.5匹】风酷一级 金榜爆款                                                                                     ,https://item.jd.com/100013588053.html#comment,【美的KFR-35GW/N8XHC1】美的（Midea）1.5匹 风酷 新一级能效 变频冷暖 自清洁 壁挂式空调挂机 京东小家智能家电 KFR-35GW/N8XHC1【行情 报价 价格 评测】-京东,2023-04-14 11:35:56.804,100013588053,99%        ,"送货安装(8087)/
超级省电(6134)/
外观漂亮(5658)/
美观大方(5461)/
制冷给力(3972)/
功能合理(1556)/
声音很轻(1443)/
工艺精美(1229)/
反应迅速(990)/
易于操控(927)/
风大马力足(759)/
办公必备(188)/
口碑很好(68)/"
"
                                        
                                                                                美的（Midea）1.5匹 风酷 新一级能效 变频冷暖 自清洁 壁挂式空调挂机 京东小家智能家电 KFR-35GW/N8XHC1                ","
                                ￥
                                2699.00
                                                            ",                                    u***4            ,                                 ,star5,此用户未填写评价内容,2023-04-14 10:34,0,0,[购买1天后追评],好,【1.5匹】风酷一级 金榜爆款                                                                                     ,https://item.jd.com/100013588053.html#comment,【美的KFR-35GW/N8XHC1】美的（Midea）1.5匹 风酷 新一级能效 变频冷暖 自清洁 壁挂式空调挂机 京东小家智能家电 KFR-35GW/N8XHC1【行情 报价 价格 评测】-京东,2023-04-14 11:35:56.891,100013588053,99%        ,"送货安装(8087)/
超级省电(6134)/
外观漂亮(5658)/
美观大方(5461)/
制冷给力(3972)/
功能合理(1556)/
声音很轻(1443)/
工艺精美(1229)/
反应迅速(990)/
易于操控(927)/
风大马力足(759)/
办公必备(188)/
口碑很好(68)/"
"
                                        
                                                                                美的（Midea）1.5匹 风酷 新一级能效 变频冷暖 自清洁 壁挂式空调挂机 京东小家智能家电 KFR-35GW/N8XHC1                ","
                                ￥
                                2699.00
                                                            ",                                    j***i            ,                                 ,star5,产品好，服务好,2023-04-14 10:30,0,1,,,【1.5匹】风酷一级 金榜爆款                                                                                     ,https://item.jd.com/100013588053.html#comment,【美的KFR-35GW/N8XHC1】美的（Midea）1.5匹 风酷 新一级能效 变频冷暖 自清洁 壁挂式空调挂机 京东小家智能家电 KFR-35GW/N8XHC1【行情 报价 价格 评测】-京东,2023-04-14 11:35:56.982,100013588053,99%        ,"送货安装(8087)/
超级省电(6134)/
外观漂亮(5658)/
美观大方(5461)/
制冷给力(3972)/
功能合理(1556)/
声音很轻(1443)/
工艺精美(1229)/
反应迅速(990)/
易于操控(927)/
风大马力足(759)/
办公必备(188)/
口碑很好(68)/"
